iso3,iso2,UN_natn,ENG_name,KOR_name,area_km2,pop_jul_total,pop_jul_male,pop_jul_female,pop_den,sex_ratio,median_age,TFR,gdp,gdp_per_capita,urban_pop_rate,urban_pop,capital,,,
GHA,GH,Ghana,Ghana,가나,238537,33787914,16877545,16910369,148.492,99.806,20.931,3.397,76370396722,2260.287413,59.238,20015284,Accra,,,
GAB,GA,Gabon,Gabon,가봉,267668,2484789,1262241,1222547,9.643,103.247,21.503,3.647,19388402542,7802.836596,91.029,2261879,Libreville,,,
GUY,GY,Guyana,Guyana,가이아나,214969,826353,402457,423896,4.198,94.942,25.607,2.412,17159509565,20765.35036,27.162,224454,Georgetown,,,
GMB,GM,Gambia (the),Gambia,감비아,11295,2697845,1343260,1354585,266.586,99.164,18.17,4.006,2396111022,888.1574077,64.472,1739355,Banjul,,,
GTM,GT,Guatemala,Guatemala,과테말라,108889,18124838,8989012,9135826,169.138,98.393,22.63,2.311,1.0445E+11,5762.821746,53.098,9623926,Guatemala City,,,
GRD,GD,Grenada,Grenada,그레나다,345,117081,58747,58334,344.356,100.708,33.385,1.487,1316733333,11246.34512,37.059,43389,St. George’s,,,
GEO,GE,Georgia,Georgia,조지아,69700,3807492,1774407,2033085,54.792,87.277,36.796,1.81,30777833585,8283.669602,60.727,2256301,Athens,,,
GRC,GR,Greece,Greece,그리스,131957,10242908,4961195,5281713,78.298,93.932,45.747,1.334,2.43498E+11,23400.72788,80.673,8394500,Tbilisi,,,
GIN,GN,Guinea,Guinea,기니,245836,14405468,7122533,7282935,58.626,97.798,17.984,4.217,22199409741,1541.040509,38.085,5486322,Conakry,,,
GNB,GW,Guinea-Bissau,Guinea-Bissau,기니비사우,36125,2153339,1063795,1089543,76.577,97.637,18.943,3.836,2048348108,951.2427483,45.466,979037,Bissau,,,
NAM,,Namibia,Namibia,나미비아,825229,2963095,1447110,1515986,3.599,95.457,20.957,3.212,12351025067,4168.285211,54.886,1626324,Windhoek,,,
NRU,NR,Nauru,Nauru,나우루,21,11875,6048,5827,593.75,103.793,20.434,3.331,154170289.3,12982.76121,100,11875,Yaren (de facto),,,
NGA,NG,Nigeria,Nigeria,나이지리아,923768,227882945,115206932,112676013,250.209,102.246,17.754,4.482,3.63846E+11,1596.636961,54.283,123701699,Abuja,,,
AAA,,Antarctica,Antarctica,남극대륙,,,,,,,,,,,,,-,,,
SSD,SS,South Sudan,South Sudan,남수단,,11483374,5648789,5834585,20.355,96.816,17.97,3.864,,,21.195,2433901,Juba,,,
ZAF,ZA,South Africa,South Africa,남아프리카 공화국,1221037,63212384,30750477,32461907,51.779,94.728,28.213,2.216,3.80699E+11,6022.542542,68.819,43502131,"Pretoria, Cape Town, Bloemfontein",,,
NLD,NL,Netherlands,Netherlands,네덜란드,41543,18092524,8986255,9106269,537.333,98.682,41.396,1.43,1.15436E+12,64572.00596,93.179,16657719,Amsterdam,,,
NPL,NP,Nepal,Nepal,네팔,147181,29694614,14279233,15415382,201.756,92.63,24.679,1.984,40908073367,1377.626036,21.903,6504011,Kathmandu,,,
NOR,NO,Norway,Norway,노르웨이,323772,5519167,2780922,2738245,18.142,101.559,39.54,1.405,4.85311E+11,87925.09442,83.995,4636183,Oslo,,,
NZL,NZ,New Zealand,New Zealand,뉴질랜드,268107,5172836,2569512,2603323,19.527,98.701,37.28,1.667,2.52176E+11,48280.81142,86.985,4543314,Wellington,,,
NER,NE,Niger,Niger (the),니제르,1267000,26159867,13282161,12877706,20.652,103.141,15.25,6.061,16819170421,642.9379179,17.054,4461304,Niamey,,,
NIC,NI,Nicaragua,Nicaragua,니카라과,130373.5,6823613,3355587,3468026,56.703,96.758,25.267,2.218,17829218219,2612.870662,59.849,4083864,Managua,,,
KOR,KR,Republic of Korea,Republic of Korea,대한민국,100444,51748739,25831859,25916880,523.016,99.672,44.486,0.72,1.71279E+12,33121.37129,81.456,42123031,Seoul,,,
DNK,DK,Denmark,Denmark,덴마크,42947,5948136,2956546,2991590,140.306,98.829,41.249,1.511,4.07092E+11,68453.87693,88.495,5262755,Copenhagen,,,
DMA,DM,Dominica,Dominica,도미니카,750,66510,33298,33212,88.681,100.257,35.618,1.484,653992592.6,9832.996431,72.006,47891,Roseau,,,
DOM,DO,Dominican Republic,Dominican Republic (the),도미니카 공화국,48671,11331265,5634533,5696733,234.548,98.908,27.653,2.243,1.21444E+11,10717.62767,84.446,9568800,Santo Domingo,,,
DEU,DE,Germany,Germany,독일,357581,84548231,41745842,42802389,242.564,97.532,45.147,1.441,4.5257E+12,54343.22651,77.765,64762692,Berlin,,,
TLS,TL,Timor-Leste,Timor-Leste,동티모르,14954.43,1384286,697774,686512,93.093,101.64,20.969,2.707,2079916900,1502.519638,32.456,449284,Dili,,,
LAO,LA,Lao People's Democratic Republic,Lao People's Democratic Republic (the),라오스,236800,7664993,3851870,3813122,33.211,101.016,24.284,2.421,15843155731,2066.949798,38.247,2931630,Vientiane,,,
LBR,LR,Liberia,Liberia,라이베리아,111369,5493031,2741343,2751688,57.029,99.624,18.358,3.95,4240000000,771.8871421,53.567,2942452,Monrovia,,,
LVA,LV,Latvia,Latvia,라트비아,64594,1882396,871905,1010490,30.25,86.285,43.078,1.338,42247850065,22502.84299,68.671,1289260,Riga,,,
RUS,RU,Russian Federation,Russian Federation (the),러시아,17098246,145440500,67535082,77905419,8.882,86.689,39.454,1.449,2.02142E+12,13817.0459,75.331,108345662,Moscow,,,
LBN,LB,Lebanon,Lebanon,레바논,10452,5773493,2806602,2966891,564.369,94.597,28.323,2.239,,,89.432,5163350,Beirut,,,
LSO,LS,Lesotho,Lesotho,레소토,30355,2311472,1125727,1185745,76.135,94.938,21.427,2.694,2117962451,916.2829793,30.415,703034,Maseru,,,
ROU,RO,Romania,Romania,루마니아,238398,19118479,9260257,9858221,83.096,93.934,42.621,1.713,3.50776E+11,18404.27309,54.672,10420198,Bucharest,,,
LUX,LU,Luxembourg,Luxembourg,룩셈부르크,2586,665098,334676,330421,256.795,101.288,38.892,1.396,85755006124,128678.1899,92.078,613635,Luxembourg,,,
RWA,RW,Rwanda,Rwanda,르완다,26338,13954471,6802408,7152064,576.393,95.111,19.44,3.698,14097768472,1010.268929,17.892,2496734,Kigali,,,
LBY,LY,Libya,Libya,리비아,1676198,7305659,3714641,3591018,4.358,103.443,27.196,2.355,45096462972,6172.812469,81.606,5961856,Tripoli,,,
LTU,LT,Lithuania,Lithuania,리투아니아,65286,2854099,1345803,1508295,45.577,89.227,42.119,1.201,79789877416,27786.00578,68.694,1972607,Vilnius,,,
LIE,LI,Liechtenstein,Liechtenstein,리히텐슈타인,160,39598,19666,19931,247.488,98.67,44.199,1.537,,,14.617,5825,Vaduz,,,
MDG,MG,Madagascar,Madagascar,마다가스카르,587041,31195932,15646931,15549002,53.62,100.63,18.877,3.972,15790113247,506.1593687,40.556,12651822,Antananarivo,,,
MHL,MH,Marshall Islands,Marshall Islands,마셜 제도,181,38827,19904,18924,215.706,105.179,20.699,2.919,259300000,6678.342391,78.868,30622,Majuro,,,
MKD,MK,North Macedonia,North Macedonia,북마케도니아,25713,1831802,890884,940918,73.528,94.682,40.26,1.465,15763621848,8624.293609,59.479,1087167,-,,,
MWI,MW,Malawi,Malawi,말라위,117726,21104482,10295096,10809386,223.205,95.242,17.58,3.648,12712150082,602.3436198,18.28,3857899,Lilongwe,,,
MYS,MY,Malaysia,Malaysia,말레이시아,330621,35126298,18410069,16716229,106.913,110.133,30.058,1.55,3.99705E+11,11379.0861,78.716,27650017,Kuala Lumpur,,,
MLI,ML,Mali,Mali,말리,1240192,23769127,11994667,11774460,19.48,101.87,15.466,5.614,20661794596,869.2702343,46.189,10978722,Bamako,,,
MEX,MX,Mexico,Mexico,멕시코,1964375,129739759,62926132,66813628,66.219,94.182,28.886,1.91,1.78911E+12,13790.02434,81.582,105844290,Mexico City,,,
MCO,MC,Monaco,Monaco,모나코,2,38956,19069,19887,26145.302,95.884,54.356,2.11,9995350547,256580.5151,100,38956,Monaco,,,
MAR,MA,Morocco,Morocco,모로코,446550,37712505,19023229,18689276,84.5,101.787,29.194,2.23,1.44417E+11,3771.446289,65.121,24558760,Rabat,,,
MUS,MU,Mauritius,Mauritius,모리셔스,1979,1273588,636580,637009,627.383,99.933,36.933,1.241,14644524819,11613.04416,40.867,515350,Port Louis,,,
MRT,MR,Mauritania,Mauritania,모리타니,1030700,5022441,2461966,2560476,4.873,96.153,17.119,4.697,10651709411,2120.823204,57.699,2897898,Nouakchott,,,
MOZ,MZ,Mozambique,Mozambique,모잠비크,799380,33635160,16307299,17327860,42.772,94.11,16.323,4.763,20954220984,622.9856193,38.753,13034634,Maputo,,,
MNE,ME,Montenegro,Montenegro,몬테네그로,13888,633552,304868,328683,45.87,92.754,39.291,1.803,7530593375,12221.47755,68.502,422094,Podgorica,,,
MDA,MD,Republic of Moldova,Moldova,몰도바,33847,3067070,1411613,1655457,93.275,85.27,37.754,1.731,16539436547,6729.412868,43.373,1066014,Chișinău,,,
MDV,MV,Maldives,Maldives,몰디브,300,525994,326618,199376,1753.313,163.82,31.124,1.575,6590894302,12530.36024,41.971,220765,Malé,,,
MLT,MT,Malta,Malta,몰타,315,532956,276567,256389,1691.924,107.87,40.281,1.098,22328640242,40395.76921,94.941,524784,Valletta,,,
MNG,MN,Mongolia,Mongolia,몽골,1564116,3431932,1712261,1719672,2.204,99.569,26.752,2.685,20325121394,5838.631081,69.089,2405088,Ulaanbaatar,,,
USA,US,United States of America,United States of America,미국,9833516.8,343477335,172588709,170888625,37.548,100.995,38.023,1.624,2.77207E+13,82769.41221,83.298,278977409,"Washington, D.C.",,,
MMR,MM,Myanmar,Myanmar,미얀마,676577,54133798,26956235,27177562,82.863,99.186,29.534,2.115,66757619000,1233.196662,32.112,17383445,Nay Pyi Taw,,,
FSM,FM,Micronesia (Fed. States of),Micronesia,미크로네시아,702,112630,55975,56655,160.901,98.801,22.85,2.748,460000000,4084.169404,23.379,26332,Palikir,,,
VUT,VU,Vanuatu,Vanuatu,바누아투,12189,320409,161798,158611,26.285,102.009,20.143,3.596,1126313359,3515.236336,25.976,83229,Port Vila,,,
BHR,BH,Bahrain,Bahrain,바레인,778.4,1569666,974396,595269,2004.681,163.69,32.876,1.824,46079867021,29218.86056,89.869,1417287,Manama,,,
BRB,BB,Barbados,Barbados,바베이도스,431,282336,135364,146971,656.595,92.103,38.905,1.708,6720733200,23804.02499,31.425,88724,Bridgetown,,,
VAT,VA,Holy See,Vaticvan,바티칸,0.44,496,237,259,1126.136,91.683,59.625,1,,,,,-,,,
BHS,BS,Bahamas,Bahamas (the),바하마,13940,399440,190909,208532,74.55,91.549,34.597,1.373,14338500000,35896.50511,83.625,334032,Nassau,,,
BGD,BD,Bangladesh,Bangladesh,방글라데시,148460,171466990,84357711,87109279,1317.254,96.841,25.325,2.163,4.37415E+11,2551.017727,40.473,69397835,Dhaka,,,
BEN,BJ,Benin,Benin,베냉,114763,14111034,7074605,7036429,125.142,100.543,17.772,4.556,19676049076,1394.373302,50.1,7069628,Porto-Novo,,,
VEN,VE,Venezuela (Bolivarian Republic of),Venezuela (Bolivarian Republic of),베네수엘라 볼리바르,929690,28300854,13988508,14312345,30.881,97.737,29.025,2.079,,,88.438,25028709,Caracas,,,
VNM,VN,Viet Nam,Viet Nam,베트남,331345,100352192,49150969,51201223,320.196,95.996,32.429,1.913,4.29717E+11,4282.088517,39.48,39619045,Hanoi,,,
BEL,BE,Belgium,Belgium,벨기에,30528,11712893,5773561,5939332,386.845,97.209,41.44,1.379,6.44783E+11,54700.90932,98.189,11573953,Brussels,,,
BLR,BY,Belarus,Belarus,벨라루스,207600,9115680,4248248,4867432,44.925,87.279,40.535,1.208,71857382746,7829.053137,80.731,7409732,Minsk,,,
BLZ,BZ,Belize,Belize,벨리즈,22965.42,411106,207487,203619,18.023,101.9,25.946,2.007,3066850000,7459.998151,46.608,191608,Belmopan,,,
BIH,BA,Bosnia and Herzegovina,Bosnia Herzegovina,보스니아 헤르체고비나,51209,3185073,1514667,1670406,62.212,90.677,44.915,1.486,27514782476,8638.666202,50.269,1601104,Sarajevo,,,
BWA,BW,Botswana,Botswana,보츠와나,577852,2480244,1236969,1243275,4.376,99.493,22.882,2.732,19396084498,7820.232404,72.867,1807279,Gaborone,,,
BOL,BO,Bolivia (Plurinational State of),Bolivia,볼리비아,1098581,12244159,6135731,6108428,11.303,100.447,24.664,2.547,45135398009,3686.279965,71.186,8716127,Sucre,,,
BDI,BI,Burundi,Burundi,부룬디,27834,13689450,6799975,6889475,527.532,98.701,15.902,4.878,2642161669,193.0071456,14.784,2023848,Gitega,,,
BFA,BF,Burkina Faso,Burkina Faso,부르키나파소,272969,23025776,11468763,11557013,84.159,99.236,17.254,4.186,20324617845,882.6898101,32.52,7487982,Ouagadougou,,,
BTN,BT,Bhutan,Bhutan,부탄,38394,786385,420683,365702,20.482,115.035,29.388,1.462,,,44.35,348762,Thimphu,,,
PRK,KP,Dem. People's Republic of Korea,Korea (the Democratic People's Republic of),북한,120538,26418204,13058006,13360198,219.402,97.738,36.048,1.78,,,63.203,16697097,Pyongyang,,,
BGR,BG,Bulgaria,Bulgaria,불가리아,110372,6795803,3289032,3506771,62.694,93.791,44.314,1.749,1.02408E+11,15885.53913,76.701,4944604,Sofia,,,
BRA,BR,Brazil,Brazil,브라질,8510417,211140729,103913061,107227668,25.262,96.909,33.942,1.619,2.17367E+12,10294.86668,87.788,185356223,Brasília,,,
BRN,BN,Brunei Darussalam,Brunei Darussalam,브루나이,5765,458949,243888,215060,79.609,113.404,31.76,1.747,15128292981,32962.90651,79.149,363254,Bandar Seri Begawan,,,
WSM,WS,Samoa,Samoa,사모아,2841.76,216663,109073,107591,76.559,101.377,19.904,3.829,938189443.8,4330.178405,17.508,37933,Apia,,,
SAU,SA,Saudi Arabia,Saudi Arabia,사우디아라비아,2206714,33264292,20176188,13088104,15.474,154.157,29.247,2.28,1.06758E+12,32093.9623,84.95,28258016,Riyadh,,,
CYP,CY,Cyprus,Cyprus,키프로스,9251,1344976,677601,667374,145.56,101.532,37.756,1.389,33886930712,36551.41797,66.987,900959,-,,,
SMR,SM,San Marino,San Marino,산마리노,61,33733,16584,17148,552.992,96.708,47.393,1.149,,,97.836,33127,-,,,
STP,ST,Sao Tome and Principe,Sao Tome and Principe,상투메 프린시페,964,230871,114817,116055,240.491,98.933,19.052,3.644,678976264.8,2940.933529,76.401,176388,-,,,
SEN,SN,Senegal,Senegal,세네갈,196712,18077573,9197809,8879764,93.895,103.582,19.129,3.818,30848333084,1706.44218,49.579,8962680,Dakar,,,
SRB,RS,Serbia,Serbia,세르비아,88444,6773201,3216668,3556533,88.266,90.444,43.872,1.5,81342660752,12281.50585,57.113,3782699,Belgrade,,,
SYC,SC,Seychelles,Seychelles,세이셸,457,127951,70606,57345,279.979,123.124,33.653,2.133,2141450171,17879.23965,58.82,70450,Victoria,,,
LCA,LC,Saint Lucia,Saint Lucia,세인트루시아,616,179285,88599,90686,291.046,97.699,33.745,1.379,2430148148,13554.66519,19.172,34373,Castries,,,
VCT,VC,Saint Vincent and the Grenadines,Saint Vincent and the Grenadines,세인트빈센트 그레나딘,389,101323,51664,49658,259.801,104.041,33.897,1.775,1065962963,10520.44415,54.299,55017,Kingstown,,,
KNA,KN,Saint Kitts and Nevis,Saint Kitts and Nevis,세인트키츠 네비스,261,46758,22408,24350,179.838,92.025,35.349,1.505,1055499778,22573.67248,31.096,14540,Basseterre,,,
SOM,SO,Somalia,Somalia,소말리아,637657,18358615,9197829,9160786,29.264,100.404,15.447,6.132,10968517090,597.4588546,47.92,8797448,Mogadishu,,,
SLB,SB,Solomon Islands,Solomon Islands,솔로몬(아일랜드),28896,800005,409074,390932,27.782,104.641,20.251,3.557,1633319401,2041.636491,26.037,208297,Honiara,,,
SDN,SD,Sudan,Sudan (the),수단,1886000,50042791,24821596,25221195,28.352,98.416,18.276,4.323,1.09266E+11,2183.441406,36.342,18186551,Khartoum,,,
SUR,SR,Suriname,Suriname,수리남,163820,628886,314349,314537,4.031,99.94,28.1,2.249,3455146281,5494.074094,66.411,417649,Paramaribo,,,
LKA,LK,Sri Lanka,Sri Lanka,스리랑카,65610,22971617,11115844,11855773,366.344,93.759,32.812,1.974,84356863744,3827.964956,19.211,4233528,Sri Jayawardenepura Kotte,,,
SWZ,SZ,Eswatini,Eswatini,에스와티니,17363,1230506,604016,626490,70.869,96.413,21.995,2.753,4442875788,3610.608797,24.79,305042,Mbabane,,,
SWE,SE,Sweden,Sweden,스웨덴,438574,10551494,5313529,5237965,25.903,101.443,39.913,1.43,5.8496E+11,55516.83648,88.738,9349997,Stockholm,,,
CHE,CH,Switzerland,Switzerland,스위스,41291,8870561,4405221,4465340,221.808,98.654,42.331,1.433,8.8494E+11,99564.71003,74.202,6595143,Bern,,,
ESP,ES,Spain,Spain,에스파냐,506009,47911579,23524424,24387156,95.374,96.462,44.903,1.213,1.62009E+12,33509.0128,81.552,39428688,Madrid,,,
SVK,SK,Slovakia,Slovakia,슬로바키아,49035,5518055,2694215,2823840,112.538,95.41,41.302,1.56,1.32908E+11,24491.37719,54.027,2931905,Bratislava,,,
SVN,SI,Slovenia,Slovenia,슬로베니아,20273,2118396,1063740,1054656,105.194,100.861,43.894,1.576,69148468417,32610.11092,56.088,1189324,Ljubljana,,,
SYR,SY,Syrian Arab Republic,Syrian Arab Republic (the),시리아,185180,23594623,11795581,11799042,128.434,99.971,22.249,2.712,,,57.409,13545437,Damascus,,,
SLE,SL,Sierra Leone,Sierra Leone,시에라리온,72300,8460512,4219052,4241460,117.933,99.472,19.27,3.791,6411869546,757.858336,44.3,3748007,Freetown,,,
SGP,SG,Singapore,Singapore,싱가포르,734.4,5789090,2992378,2796711,8475.973,106.996,35.102,0.943,5.01428E+11,84734.25592,100,5917648,Singapore,,,
ARE,AE,United Arab Emirates,United Arab Emirates,아랍 에미리트,71024,10642081,6812243,3829838,149.838,177.873,31.232,1.2,5.1413E+11,49040.69475,87.779,9202532,Abu Dhabi,,,
ARM,AM,Armenia,Armenia,아르메니아,29743,2943393,1365373,1578020,103.408,86.524,35.832,1.714,24085749592,8053.010663,63.739,1906370,Yerevan,,,
ARG,AR,Argentina,Argentina,아르헨티나,2796427,45538401,22596984,22941416,16.311,98.499,32.122,1.5,6.46075E+11,14187.48273,92.463,42106172,Buenos Aires,,,
ISL,IS,Iceland,Iceland,아이슬란드,103000,387558,198429,189129,3.866,104.917,35.808,1.54,31325116556,79636.95486,94.042,369913,Reykjavík,,,
HTI,HT,Haiti,Haiti,아이티,27750,11637398,5761588,5875810,422.119,98.056,23.511,2.656,19850829758,1705.779055,59.656,6942406,Port-au-Prince,,,
IRL,IE,Ireland,Ireland,아일랜드,69825,5196630,2572588,2624043,76.011,98.039,38.416,1.598,5.51395E+11,103887.8004,64.466,3421597,Dublin,,,
AZE,AZ,Azerbaijan,Azerbaijan,아제르바이잔,86600,10318207,5055977,5262230,124.83,96.081,32.596,1.67,72356176471,7125.908584,57.577,5846344,Baku,,,
AFG,AF,Afghanistan,Afghanistan,아프가니스탄,652864,41454761,20924078,20530683,63.846,101.916,16.94,4.84,17233051620,415.7074171,26.933,11165011,Kabul,,,
AND,AD,Andorra,Andorra,안도라,468,80856,41354,39502,172.034,104.688,43.162,1.082,3785067332,46812.44845,87.774,70971,Andorra la Vella,,,
ALB,AL,Albania,Albania,알바니아,28748,2811655,1390104,1421551,102.623,97.788,36.277,1.348,23547179830,8575.171134,64.603,1773980,Tirana,,,
DZA,DZ,Algeria,Algeria,알제리,2381741,46164219,23549234,22614984,19.383,104.131,28.189,2.766,2.47626E+11,5364.02795,75.268,34746884,Algiers,,,
AGO,AO,Angola,Angola,앙골라,1246700,36749906,18181690,18568216,29.478,97.918,16.452,5.124,84824654482,2308.159767,68.688,25242775,Luanda,,,
ATG,AG,Antigua and Barbuda,Antigua and Barbuda,앤티가 바부다,442,93316,44408,48907,212.081,90.8,35.486,1.578,2033085185,21787.10173,24.332,22706,St. John’s,,,
ERI,ER,Eritrea,Eritrea,에리트레아,121144,3470390,1712524,1757865,28.647,97.421,18.651,3.713,,,43.267,1501534,Asmara,,,
EST,EE,Estonia,Estonia,에스토니아,45399,1367196,649384,717812,31.454,90.467,41.89,1.35,41291245222,30133.30445,69.81,956597,Tallinn,,,
ECU,EC,Ecuador,Ecuador,에콰도르,257215.2955,17980083,8964951,9015132,72.395,99.443,28.406,1.823,1.18845E+11,6609.804082,64.792,11649655,Quito,,,
ETH,ET,Ethiopia,Ethiopia,에티오피아,1104300,128691692,64486162,64205530,128.692,100.437,18.733,3.989,1.63698E+11,1272.016282,23.157,29801135,Addis Ababa,,,
SLV,SV,El Salvador,El Salvador,엘살바도르,21041,6309624,2997185,3312439,304.519,90.483,26.956,1.775,34015620000,5391.069262,75.393,4757015,San Salvador,,,
GBR,GB,United Kingdom,United Kingdom,영국,244376,68682962,33812594,34870368,282.948,96.967,39.782,1.56,3.38085E+12,49463.85546,84.642,57852807,London,,,
YEM,YE,Yemen,Yemen,예멘,527968,39390799,19950332,19440467,74.608,102.623,18.184,4.59,,477.4090287,39.831,15689749,Sana'a,,,
OMN,OM,Oman,Oman,오만,309980,5049269,3134490,1914778,16.314,163.7,29.268,2.525,1.08811E+11,21549.83687,88.4,4463554,Muscat,,,
AUS,AU,Australia,Australia,오스트레일리아,7692024,26451124,13123656,13327469,3.443,98.471,37.751,1.638,1.72806E+12,64820.91179,86.617,23091181,Canberra,,,
AUT,AT,Austria,Austria,오스트리아,83878,9130429,4494035,4636394,110.646,96.93,43.086,1.317,5.11685E+11,56033.57379,59.53,5436137,Vienna,,,
HND,HN,Honduras,Honduras,온두라스,112492,10644851,5359700,5285151,97.593,101.411,23.546,2.5,34400509852,3231.657245,60.212,6409478,Tegucigalpa,,,
JOR,JO,Jordan,Jordan,요르단,89318,11439213,5903251,5535962,128.829,106.635,24.279,2.639,50967475352,4455.505405,92.02,10526364,Amman,,,
UGA,UG,Uganda,Uganda,우간다,241550,48656601,24122612,24533989,243.518,98.323,16.514,4.283,48768955863,1002.309139,26.771,13025859,Kampala,,,
URY,UY,Uruguay,Uruguay,우루과이,173626,3388081,1643010,1745071,19.562,94.151,35.779,1.409,77240830877,22797.81117,95.771,3244799,Montevideo,,,
UZB,UZ,Uzbekistan,Uzbekistan,우즈베키스탄,448969,35652307,17982214,17670093,83.809,101.766,26.914,3.5,1.01592E+11,2849.514611,50.532,18015824,Tashkent,,,
UKR,UA,Ukraine,Ukraine,우크라이나,603500,37732836,17544336,20188500,65.133,86.903,41.984,0.977,1.78757E+11,5069.703125,70.095,26448831,Kyiv,,,
IRQ,IQ,Iraq,Iraq,이라크,435052,45074049,22614115,22459934,103.827,100.686,20.345,3.249,2.50843E+11,5565.126446,71.599,32272568,Baghdad,,,
IRN,IR,Iran (Islamic Republic of),Iran (Islamic Republic of),이란,1630848,90608707,46061601,44547105,55.631,103.4,32.866,1.695,4.04626E+11,4465.63767,77.257,70001569,Tehran,,,
ISR,IL,Israel,Israel,이스라엘,22072,9256314,4606908,4649406,427.682,99.086,29.15,2.83,5.13611E+11,52642.42675,92.854,9059393,Jerusalem,,,
EGY,EG,Egypt,Egypt,이집트,1002000,114535772,57830586,56705185,115.059,101.985,24.028,2.75,3.96002E+11,3457.456916,43.1,49364918,Cairo,,,
ITA,IT,Italy,Italy,이탈리아,302068,59499453,29062453,30437000,201.029,95.484,47.461,1.198,2.30094E+12,39003.3161,71.973,42459374,Rome,,,
IND,IN,India,India,인도,3287263,1438069596,741883264,696186332,483.679,106.564,28.06,1.975,3.56755E+12,2480.792087,36.364,522939628,New Delhi,,,
IDN,ID,Indonesia,Indonesia,인도네시아,1892410.09,281190067,141255766,139934300,147.148,100.944,29.831,2.127,1.37117E+12,4876.314327,58.572,164698646,Jakarta,,,
JPN,JP,Japan,Japan,일본,377930,124370947,60699976,63670971,330.05,95.334,48.958,1.208,4.20449E+12,33766.52683,92.043,114608860,Tokyo,,,
JAM,JM,Jamaica,Jamaica,자메이카,10990.5,2839786,1404742,1435044,262.215,97.888,31.673,1.358,19423355409,6839.725039,57.378,1629412,Kingston,,,
ZMB,ZM,Zambia,Zambia,잠비아,752612,20723965,10256248,10467717,27.878,97.98,17.49,4.101,27577956471,1330.727806,46.335,9602449,Lusaka,,,
GNQ,GQ,Equatorial Guinea,Equatorial Guinea,적도기니,28051,1847549,974877,872672,65.866,111.712,20.979,4.081,12337550584,6677.793435,74.448,1375463,Malabo,,,
CHN,CN,China,China,중국,9600000,1422584933,725223289,697361644,148.186,103.995,39.066,0.999,1.77948E+13,12614.06174,64.57,910895447,Beijing,,,
CAF,CF,Central African Republic,Central African Republic (the),중앙아프리카 공화국,622984,5152421,2467628,2684793,8.271,91.911,14.32,6.012,2555492085,495.9788972,43.614,2247177,Bangui,,,
DJI,DJ,Djibouti,Djibouti,지부티,23200,1152944,571602,581341,49.739,98.325,24.389,2.609,4098530514,3554.839189,78.552,905661,Djibouti,,,
ZWE,ZW,Zimbabwe,Zimbabwe,짐바브웨,390757,16340822,7780934,8559888,42.241,90.9,17.808,3.724,35231367886,2156.034004,32.517,5313545,Harare,,,
TCD,TD,Chad,Chad,차드,1284000,19319064,9691189,9627875,15.342,100.658,15.401,6.12,13149325362,680.6398779,24.366,4707283,N’Djamena,,,
CZE,CZ,Czechia,Czechia,체코,78871.01262,10809716,5330203,5479514,140.017,97.275,42.716,1.448,3.43208E+11,31591.17707,74.552,8099361,Prague,,,
CHL,CL,Chile,Chile,칠레,756102,19658835,9770154,9888682,26.109,98.801,35.969,1.167,3.35533E+11,17067.81362,88.012,17302134,Santiago,,,
CMR,CM,Cameroon,Cameroon,카메룬,475650,28372687,14140585,14232102,60.879,99.357,17.752,4.322,49279410983,1736.860911,59.315,16829259,Yaoundé,,,
CPV,CV,Cabo Verde,Cabo Verde,카보베르데,4033,522331,265690,256640,129.611,103.526,27.87,1.522,2533819406,4850.984158,67.982,355091,Praia,,,
KAZ,KZ,Kazakhstan,Kazakhstan,카자흐스탄,2724910,20330104,9897043,10433060,7.531,94.862,29.464,3.012,2.62642E+11,12918.86613,58.179,11827851,Nur-Sultan (Astana),,,
QAT,QA,Qatar,Qatar,카타르,11636.81,2979082,2130528,848554,257.128,251.077,33.189,1.729,2.13003E+11,80195.87465,99.354,2638874,Doha,,,
KHM,KH,Cambodia,Cambodia,캄보디아,181035,17423880,8533951,8889930,96.246,95.996,25.844,2.579,42335646896,2429.748535,25.57,4455286,Phnom Penh,,,
CAN,CA,Canada,Canada,캐나다,9984670,39299105,19515575,19783529,4.322,98.646,40.343,1.349,2.14247E+12,53431.18571,81.862,32824829,Ottawa,,,
KEN,KE,Kenya,Kenya,케냐,591958,55339003,27517012,27821990,95.292,98.904,19.526,3.208,1.08039E+11,1952.304579,29.52,16336074,Nairobi,,,
COM,KM,Comoros,Comoros (the),코모로,2235,850387,427697,422690,456.952,101.185,20.331,3.878,1352380971,1590.312377,30.132,256239,Moroni,,,
XKX,XK,Kosovo (under UNSC res. 1244),Kosovo,코소보,,1700031,836211,863820,155.895,96.804,31.43,1.545,10468219225,5960.158205,,,Pristina,,,
CRI,CR,Costa Rica,Costa Rica,코스타리카,51100,5105525,2523133,2582392,99.991,97.705,34.07,1.33,86497941439,16942.02681,82.622,4218287,San José,,,
CIV,CI,Cote d'Ivoire,Cote d'Ivoire,코트디부아르,,31165654,15869633,15296021,98.005,103.75,18.097,4.283,78875489245,2530.846593,53.149,16564233,Yamoussoukro,,,
COL,CO,Colombia,Colombia,콜롬비아,1141748,52321152,25818556,26502596,46.562,97.419,31.606,1.645,3.63494E+11,6947.359287,82.354,43088562,Bogotá,,,
COG,CG,Congo,Congo (the),콩고,342000,6182885,3091229,3091655,18.105,99.986,18.308,4.157,15321055823,2477.978455,69.188,4277814,Brazzaville,,,
COD,CD,Democratic Republic of the Congo,Congo (the Democratic Republic of the),콩고 민주 공화국,2345410,105789731,52483883,53305849,46.664,98.458,15.768,6.051,66383287003,627.5021817,47.444,50190880,Kinshasa,,,
CUB,CU,Cuba,Cuba,쿠바,109884,11019931,5438940,5580991,103.223,97.455,41.709,1.439,,,77.523,8542981,Havana,,,
KWT,KW,Kuwait,Kuwait,쿠웨이트,17818,4838782,2959273,1879508,271.567,157.449,34.499,1.525,1.63705E+11,33729.79855,100,4853420,Kuwait City,,,
HRV,HR,Croatia,Croatia,크로아티아,56594,3896023,1878697,2017326,69.701,93.128,44.761,1.468,84393795502,21865.45628,58.575,2260811,Zagreb,,,
KGZ,KG,Kyrgyzstan,Kyrgyzstan,키르기스스탄,199949,7073516,3497319,3576197,36.88,97.794,25.127,2.8,13987627909,1970.15781,37.801,2683776,Bishkek,,,
KIR,KI,Kiribati,Kiribati,키리바시,726.34,132530,64231,68300,182.549,94.042,22.686,3.147,279208903.3,2106.760004,57.762,76552,Tarawa (South Tarawa),,,
THA,TH,Thailand,Thailand,타이,513140,71702435,34950007,36752429,140.348,95.096,39.658,1.212,5.14969E+11,7182.025258,53.608,38438241,Bangkok,,,
TWN,TW,"China, Taiwan Province of China",Taiwan,타이완,,23317145,11553630,11763514,658.49,98.216,43.538,0.87,2.35509E+13,1014512,61,13928377,Taipei,,,
TJK,TJ,Tajikistan,Tajikistan,타지키스탄,141400,10389799,5101342,5288457,72.605,96.462,21.925,3.072,12060602009,1160.81187,28.234,2933456,Dushanbe,,,
TZA,TZ,United Republic of Tanzania,"Tanzania, the United Republic of",탄자니아,947303,66617606,33013815,33603792,75.206,98.244,17.24,4.606,79062403821,1224.489624,37.409,24920980,Dodoma,,,
TUR,TR,Turkiye,Turkey,튀르키예,783562,87270501,43577543,43692958,113.397,99.736,32.52,1.625,1.11825E+12,13105.65857,77.463,66096052,Ankara,,,
TGO,TG,Togo,Togo,토고,56785,9304337,4681655,4622682,171.067,101.276,18.818,4.192,9171261838,985.6975126,44.49,4139500,Lomé,,,
TON,TO,Tonga,Tonga,통가,747,104597,49590,55007,160.919,90.153,20.695,3.129,,,23.16,24225,Nukuʻalofa,,,
TKM,TM,Turkmenistan,Turkmenistan,투르크메니스탄,488100,7364438,3611349,3753088,15.671,96.223,26.232,2.69,60628857143,8232.65226,54.003,3977017,Ashgabat,,,
TUV,TV,Tuvalu,Tuvalu,투발루,26,9816,5021,4795,327.183,104.724,24.286,3.208,62280311.59,6344.775019,66.241,6502,Funafuti,,,
TUN,TN,Tunisia,Tunisia,튀니지,163610,12200431,6033405,6167026,78.495,97.833,32.127,1.832,48529595417,3977.695166,70.544,8606672,Tunis,,,
TTO,TT,Trinidad and Tobago,Trinidad and Tobago,트리니다드 토바고,5127,1502932,743280,759653,292.969,97.845,36.718,1.532,27372285698,20016.1503,53.439,730784,Port of Spain,,,
PAN,PA,Panama,Panama,파나마,75320,4458759,2229872,2228887,60.11,100.044,29.603,2.119,83318176900,18686.4051,69.512,3099373,Panama City,,,
PRY,PY,Paraguay,Paraguay,파라과이,406752,6844146,3432398,3411748,16.922,100.605,26.341,2.422,42956263544,6276.351139,63.149,4322010,Asunción,,,
PAK,PK,Pakistan,Pakistan,파키스탄,796096,247504495,125731250,121773246,321.067,103.25,20.287,3.605,3.37912E+11,1365.277432,38.04,94150710,Islamabad,,,
PNG,PG,Papua New Guinea,Papua New Guinea,파푸아 뉴기니,462840,10389635,5347980,5041654,22.942,106.076,22.344,3.099,30729242919,2957.682625,13.723,1425770,Port Moresby,,,
PLW,PW,Palau,Palau,팔라우,459,17727,9555,8172,38.538,116.916,37.843,1.907,281849062.5,15899.42249,82.408,14608,Ngerulmud,,,
PSE,PS,State of Palestine,"Palestine, State of",팔레스타인,6020,5409202,2688310,2720892,898.538,98.803,19.763,3.311,17420800000,3372.349744,77.582,4007712,Ramallah (de facto),,,
PER,PE,Peru,Peru,페루,1285215.6,33845617,16835443,17010174,26.44,98.973,29.451,1.98,2.67603E+11,7906.585029,78.922,26711638,Lima,,,
PRT,PT,Portugal,Portugal,포르투갈,92225.2,10430738,4968787,5461952,113.396,90.971,46.2,1.508,2.89114E+11,27331.20949,67.906,7183215,Lisbon,,,
POL,PL,Poland,Poland,폴란드,312679,38762844,18784689,19978155,126.596,94.026,41.31,1.299,8.09201E+11,22056.66617,60.218,22092390,Warsaw,,,
FRA,FR,France,France,프랑스,551500,66438822,32202286,34236535,120.496,94.058,41.817,1.639,3.05183E+12,44690.93454,81.777,55843458,Paris,,,
FJI,FJ,Fiji,Fiji,피지,18272,924145,458652,465493,50.583,98.53,27.666,2.281,5442046565,5888.736686,58.713,542593,Suva,,,
FIN,FI,Finland,Finland,핀란드,336884,5601185,2768017,2833169,18.524,97.7,42.789,1.28,2.95532E+11,52925.68976,85.773,4789488,Helsinki,,,
PHL,PH,Philippines,Philippines (the),필리핀,300000,114891199,57310817,57580382,382.971,99.532,25.287,1.916,4.37146E+11,3804.87258,48.287,55477513,Manila,,,
HUN,HU,Hungary,Hungary,헝가리,93025,9686463,4648079,5038384,106.997,92.253,43.317,1.486,2.12389E+11,22141.86698,72.864,6989250,Budapest,,,
