name,수도,언어,화폐단위,면적,인구,GDP
Indonesia,자카르타,인도네시아어,"인도네시아 루피아(IDR, Rp)","1억 9,169만 677㏊ 세계14위 (2022 국토교통부, FAO 기준)","2억 7,883만 529명 세계4위 (2022 통계청, UN, 대만통계청 기준)","1조 1,222억 7,078만 달러 세계17위 (2022 한국은행, The World Bank, 대만통계청 기준)"
Malaysia,쿠알라룸푸르,말레이어,"말레이시아 링깃(MYR, RM)","3,304만 1,100㏊ 세계67위 (2022 국토교통부, FAO 기준)","3,469만 5,493명 세계44위 (2022 통계청, UN, 대만통계청 기준)","3,868억 7,526만 달러 세계36위 (2022 한국은행, The World Bank, 대만통계청 기준)"
Chile,산티아고,에스파냐어,"칠레 페소(CLP, Ch$)","7,567만 ㏊ 세계37위 (2022 국토교통부, FAO 기준)","1,955만 3,036명 세계65위 (2022 통계청, UN, 대만통계청 기준)","2,790억 6,623만 달러 세계44위 (2022 한국은행, The World Bank, 대만통계청 기준)"
Bolivia,라파스(행정),"에스파냐어, 케추아어, 아이마라어","볼리비아 볼리비아노(BOB, Bs.)","1억 985만 8천㏊ 세계27위 (2022 국토교통부, FAO 기준)","1,207만 7,154명 세계80위 (2022 통계청, UN, 대만통계청 기준)","383억 1,973만 달러 세계94위 (2022 한국은행, The World Bank, 대만통계청 기준)"
Peru,리마,"에스파냐어, 케추아어, 아이마라어","페루 누에보 솔(PEN, S/.)","1억 2,852만 2천㏊ 세계19위 (2022 국토교통부, FAO 기준)","3,347만 5,438명 세계45위 (2022 통계청, UN, 대만통계청 기준)","2,230억 215만 달러 세계48위 (2022 한국은행, The World Bank, 대만통계청 기준)"
Argentina,부에노스아이레스,에스파냐어,"아르헨티나 페소(ARS, $)","2억 7,804만 ㏊ 세계8위 (2022 국토교통부, FAO 기준)","4,540만 7,904명 세계34위 (2022 통계청, UN, 대만통계청 기준)","5,983억 1,284만 달러 세계22위 (2022 한국은행, The World Bank, 대만통계청 기준)"
Dhekelia Sovereign Base Area,정보 없음,정보 없음,정보 없음,정보 없음,정보 없음,정보 없음
Cyprus,니코시아,"그리스어, 터키어, 영어","유로(EUR, €)","92만 5천㏊ 세계168위 (2022 국토교통부, FAO 기준)","133만 1,370명 세계156위 (2022 통계청, UN, 대만통계청 기준)","278억 8,921만 달러 세계100위 (2022 한국은행, The World Bank, 대만통계청 기준)"
India,뉴델리,"힌디어(40%)외 14개 공용어, 영어(상용어)","인도 루피(INR, Rs)","3억 2,872만 6천㏊ 세계7위 (2022 국토교통부, FAO 기준)","14억 2,542만 3,212명 세계1위 (2022 통계청, UN, 대만통계청 기준)","2조 9,735억 4,241만 달러 세계6위 (2022 한국은행, The World Bank, 대만통계청 기준)"
China,베이징,중국어,"위안(CNY, ¥)","9억 6천만 1,300㏊ 세계4위 (2022 국토교통부, FAO 기준)","14억 2,517만 9,569명 세계2위 (2022 통계청, UN, 대만통계청 기준)","16조 3,250억 8,492만 달러 세계2위 (2022 한국은행, The World Bank, 대만통계청 기준)"
Israel,예루살렘 (이스라엘 헌법상),"헤브라이어, 아랍어",이스라엘 신 셰켈(ILS),"220만 7천㏊ 세계151위 (2022 국토교통부, FAO 기준)","910만 3,151명 세계97위 (2022 통계청, UN, 대만통계청 기준)","4,082억 826만 달러 세계33위 (2022 한국은행, The World Bank, 대만통계청 기준)"
Palestine,라말라,"아랍어, 영어","요르단 디나르(JOD), 이집트 파운드(EGP, ￡E)",정보 없음,"530만 5,270명 세계120위 (2022 통계청, UN, 대만통계청 기준)",정보 없음
Lebanon,베이루트,"아랍어, 프랑스어, 영어, 아르메니아어","레바논 파운드(LBP, L￡)","104만 5천㏊ 세계167위 (2022 국토교통부, FAO 기준)","574만 4,489명 세계114위 (2022 통계청, UN, 대만통계청 기준)","339억 4,440만 달러 세계96위 (2022 한국은행, The World Bank, 대만통계청 기준)"
Ethiopia,아디스아바바,"암하라어, 영어","에티오피아 비르(ETB, Br)","1억 1,362만 3,970㏊ 세계26위 (2022 국토교통부, FAO 기준)","1억 2,538만 4,287명 세계11위 (2022 통계청, UN, 대만통계청 기준)","1,057억 7,962만 달러 세계60위 (2022 한국은행, The World Bank, 대만통계청 기준)"
South Sudan,정보 없음,정보 없음,정보 없음,정보 없음,정보 없음,정보 없음
Somalia,모가디슈,"소말리아어, 아랍어","소말리아 실링(SOS, So. Sh.)","6,376만 6천㏊ 세계41위 (2022 국토교통부, FAO 기준)","1,780만 1,897명 세계71위 (2022 통계청, UN, 대만통계청 기준)","89억 5,845만 달러 세계144위 (2022 한국은행, The World Bank, 대만통계청 기준)"
Kenya,나이로비,"영어, 스와힐리어","케냐 실링(KES, KSH)","5,803만 7천㏊ 세계47위 (2022 국토교통부, FAO 기준)","5,425만 2,461명 세계26위 (2022 통계청, UN, 대만통계청 기준)","947억 9,584만 달러 세계64위 (2022 한국은행, The World Bank, 대만통계청 기준)"
Malawi,릴롱궤,"영어, 치체와어","말라위 콰차(MWK, MK)","1,184만 8천㏊ 세계101위 (2022 국토교통부, FAO 기준)","2,056만 8,728명 세계62위 (2022 통계청, UN, 대만통계청 기준)","113억 860만 달러 세계138위 (2022 한국은행, The World Bank, 대만통계청 기준)"
United Republic of Tanzania,도도마,"스와힐리어, 영어","탄자니아 실링(TZS, x/y)","9,473만 ㏊ 세계30위 (2022 국토교통부, FAO 기준)","6,471만 1,821명 세계23위 (2022 통계청, UN, 대만통계청 기준)","671억 5,901만 달러 세계77위 (2022 한국은행, The World Bank, 대만통계청 기준)"
Syria,다마스쿠스,아랍어,"시리아 파운드(SYP,LS)","1,851만 8천㏊ 세계88위 (2022 국토교통부, FAO 기준)","2,246만 2,173명 세계61위 (2022 통계청, UN, 대만통계청 기준)",정보 없음
Somaliland,정보 없음,정보 없음,정보 없음,정보 없음,정보 없음,정보 없음
France,파리,프랑스어,"유로(EUR, €)","5,490만 8,737㏊ 세계48위 (2022 국토교통부, FAO 기준)","6,627만 7,409명 세계22위 (2022 통계청, UN, 대만통계청 기준)","2조 6,384억 699만 달러 세계7위 (2022 한국은행, The World Bank, 대만통계청 기준)"
Suriname,파라마리보,네덜란드어,"수리남 달러(SRD, $)","1,638만 2천㏊ 세계91위 (2022 국토교통부, FAO 기준)","62만 3,164명 세계168위 (2022 통계청, UN, 대만통계청 기준)","44억 1,402만 달러 세계159위 (2022 한국은행, The World Bank, 대만통계청 기준)"
Guyana,조지타운,영어,"가이아나 달러(GYD, $)","2,149만 7천㏊ 세계84위 (2022 국토교통부, FAO 기준)","82만 1,637명 세계163위 (2022 통계청, UN, 대만통계청 기준)","142억 7,095만 달러 세계128위 (2022 한국은행, The World Bank, 대만통계청 기준)"
South Korea,서울,"한국어, 한국수어","대한민국 원(KRW, ￦)","1,004만 4,355.35㏊ 세계109위 (2022 국토교통부, FAO 기준)","5,167만 2,569명 세계29위 (2022 통계청, UN, 대만통계청 기준)","1조 7,987억 달러 세계10위 (2022 한국은행, The World Bank, 대만통계청 기준)"
North Korea,정보 없음,한국어,"북한 원(KPW, ₩)","1,205만 4천㏊ 세계100위 (2022 국토교통부, FAO 기준)","2,632만 8,845명 세계54위 (2022 통계청, UN, 대만통계청 기준)",정보 없음
Morocco,라바트,"아랍어, 베르베르어, 불어(상용)",모로코 디르함(MAD),"4,465만 5천㏊ 세계57위 (2022 국토교통부, FAO 기준)","3,732만 9,064명 세계41위 (2022 통계청, UN, 대만통계청 기준)","1,255억 4,248만 달러 세계56위 (2022 한국은행, The World Bank, 대만통계청 기준)"
Western Sahara,정보 없음,정보 없음,정보 없음,정보 없음,정보 없음,정보 없음
Costa Rica,산호세,에스파냐어,"코스타리카 콜론(CRC, ￠)","511만 ㏊ 세계129위 (2022 국토교통부, FAO 기준)","508만 1,765명 세계124위 (2022 통계청, UN, 대만통계청 기준)","695억 4,986만 달러 세계72위 (2022 한국은행, The World Bank, 대만통계청 기준)"
Nicaragua,마나과,에스파냐어,니카라과 코르도바(C$),"1,303만 7천㏊ 세계98위 (2022 국토교통부, FAO 기준)","673만 654명 세계110위 (2022 통계청, UN, 대만통계청 기준)","147억 2,639만 달러 세계123위 (2022 한국은행, The World Bank, 대만통계청 기준)"
Republic of the Congo,브라자빌,프랑스어 글로벌회화 모바일 앱,"중앙아프리카 CFA 프랑(XAF, FCFA)","3,420만 ㏊ 세계64위 (2022 국토교통부, FAO 기준)","603만 5,104명 세계112위 (2022 통계청, UN, 대만통계청 기준)","101억 7,520만 달러 세계141위 (2022 한국은행, The World Bank, 대만통계청 기준)"
Democratic Republic of the Congo,킨샤사,프랑스어,"콩고 프랑(CDF, FC)","2억 3,448만 6천㏊ 세계11위 (2022 국토교통부, FAO 기준)","1억 239만 6,968명 세계15위 (2022 통계청, UN, 대만통계청 기준)","523억 5,549만 달러 세계86위 (2022 한국은행, The World Bank, 대만통계청 기준)"
Bhutan,팀푸,"종카어, 영어","부탄 눌트럼(BTN, Nu)","383만 9천㏊ 세계135위 (2022 국토교통부, FAO 기준)","78만 914명 세계165위 (2022 통계청, UN, 대만통계청 기준)","26억 1,056만 달러 세계166위 (2022 한국은행, The World Bank, 대만통계청 기준)"
Ukraine,키이우(키예프),우크라이나어,흐리우냐(UAH),"6,035만 5천㏊ 세계44위 (2022 국토교통부, FAO 기준)","4,104만 8,766명 세계36위 (2022 통계청, UN, 대만통계청 기준)","723억 942만 달러 세계70위 (2022 한국은행, The World Bank, 대만통계청 기준)"
Belarus,민스크,"벨라루스어, 러시아어",벨라루스 루블(BYR),"2,076만 3천㏊ 세계85위 (2022 국토교통부, FAO 기준)","917만 3,237명 세계96위 (2022 통계청, UN, 대만통계청 기준)","572억 7,540만 달러 세계81위 (2022 한국은행, The World Bank, 대만통계청 기준)"
Namibia,빈트후크,영어,"나미비아 달러(NAD, N$)","8,242만 9천㏊ 세계33위 (2022 국토교통부, FAO 기준)","288만 9,662명 세계138위 (2022 통계청, UN, 대만통계청 기준)","112억 8,047만 달러 세계139위 (2022 한국은행, The World Bank, 대만통계청 기준)"
South Africa,프리토리아,"영어, 아프리칸스어, 줄루어","남아프리카공화국 랜드 (ZAR, R)","1억 2,190만 9천㏊ 세계24위 (2022 국토교통부, FAO 기준)","6,237만 8,410명 세계24위 (2022 통계청, UN, 대만통계청 기준)","3,607억 658만 달러 세계38위 (2022 한국은행, The World Bank, 대만통계청 기준)"
Saint Martin,정보 없음,정보 없음,정보 없음,정보 없음,정보 없음,정보 없음
Sint Maarten,정보 없음,정보 없음,정보 없음,정보 없음,정보 없음,정보 없음
Oman,무스카트,아랍어,오만 리얄(OMR),"3,095만 ㏊ 세계70위 (2022 국토교통부, FAO 기준)","473만 226명 세계126위 (2022 통계청, UN, 대만통계청 기준)","862억 9,468만 달러 세계66위 (2022 한국은행, The World Bank, 대만통계청 기준)"
Uzbekistan,타슈켄트,우즈베크어,우즈베키스탄 숨(UZS),"4,489만 2,400㏊ 세계56위 (2022 국토교통부, FAO 기준)","3,493만 8,955명 세계43위 (2022 통계청, UN, 대만통계청 기준)","1,238억 1,874만 달러 세계57위 (2022 한국은행, The World Bank, 대만통계청 기준)"
Kazakhstan,아스타나(누르술탄),"카자흐어, 러시아어",카자흐스탄 텡게(KZT),"2억 7,249만 200㏊ 세계9위 (2022 국토교통부, FAO 기준)","2,003만 4,609명 세계64위 (2022 통계청, UN, 대만통계청 기준)","2,215억 4,968만 달러 세계49위 (2022 한국은행, The World Bank, 대만통계청 기준)"
Tajikistan,두샨베,정보 없음,타지키스탄 소모니(TJS),"1,413만 7,900㏊ 세계96위 (2022 국토교통부, FAO 기준)","1,018만 2,222명 세계94위 (2022 통계청, UN, 대만통계청 기준)","134억 9,914만 달러 세계131위 (2022 한국은행, The World Bank, 대만통계청 기준)"
Lithuania,빌뉴스,리투아니아어,"유로(EUR, €)","652만 8,600㏊ 세계125위 (2022 국토교통부, FAO 기준)","281만 6,919명 세계142위 (2022 통계청, UN, 대만통계청 기준)","524억 8,465만 달러 세계85위 (2022 한국은행, The World Bank, 대만통계청 기준)"
Brazil,브라질리아,포르투갈어,"브라질 헤알(BRL, R$)","8억 5,104만 1,777.1㏊ 세계5위 (2022 국토교통부, FAO 기준)","2억 1,030만 6,415명 세계7위 (2022 통계청, UN, 대만통계청 기준)","1조 8,995억 538만 달러 세계9위 (2022 한국은행, The World Bank, 대만통계청 기준)"
Uruguay,몬테비데오,에스파냐어,우루과이 페소(Ur$),"1,762만 2천㏊ 세계90위 (2022 국토교통부, FAO 기준)","339만 913명 세계132위 (2022 통계청, UN, 대만통계청 기준)","617억 6,106만 달러 세계79위 (2022 한국은행, The World Bank, 대만통계청 기준)"
Mongolia,울란바토르,몽골어,"몽골 투그릭(MNT, ₮)","1억 5,641만 1,575㏊ 세계18위 (2022 국토교통부, FAO 기준)","338만 6,015명 세계133위 (2022 통계청, UN, 대만통계청 기준)","144억 4,195만 달러 세계125위 (2022 한국은행, The World Bank, 대만통계청 기준)"
Russia,모스크바,러시아어,"러시아 루블(RUB, руб)","17억 982만 5천㏊ 세계1위 (2022 국토교통부, FAO 기준)","1억 4,557만 9,899명 세계9위 (2022 통계청, UN, 대만통계청 기준)","1조 4,715억 4,464만 달러 세계13위 (2022 한국은행, The World Bank, 대만통계청 기준)"
Czechia,프라하,체코어,"체코 코루나(CZK, Kč)","788만 7,147㏊ 세계119위 (2022 국토교통부, FAO 기준)","1,067만 3,213명 세계86위 (2022 통계청, UN, 대만통계청 기준)","2,159억 7,480만 달러 세계51위 (2022 한국은행, The World Bank, 대만통계청 기준)"
Germany,베를린,독일어,"유로(EUR, €)","3,576만 ㏊ 세계63위 (2022 국토교통부, FAO 기준)","8,408만 6,227명 세계19위 (2022 통계청, UN, 대만통계청 기준)","3조 6,335억 7,927만 달러 세계4위 (2022 한국은행, The World Bank, 대만통계청 기준)"
Estonia,탈린,에스토니아어,"유로(EUR, €)","453만 4천㏊ 세계131위 (2022 국토교통부, FAO 기준)","135만 91명 세계155위 (2022 통계청, UN, 대만통계청 기준)","285억 1,582만 달러 세계99위 (2022 한국은행, The World Bank, 대만통계청 기준)"
Latvia,리가,라트비아어,"유로(EUR, €)","645만 9천㏊ 세계126위 (2022 국토교통부, FAO 기준)","188만 1,063명 세계149위 (2022 통계청, UN, 대만통계청 기준)","319억 7,699만 달러 세계98위 (2022 한국은행, The World Bank, 대만통계청 기준)"
Norway,오슬로,노르웨이어,"노르웨이 크로네(NOK, kr)","6,245만 ㏊ 세계42위 (2022 국토교통부, FAO 기준)","545만 6,801명 세계118위 (2022 통계청, UN, 대만통계청 기준)","4,334억 8,484만 달러 세계30위 (2022 한국은행, The World Bank, 대만통계청 기준)"
Sweden,스톡홀름,스웨덴어,"스웨덴 크로나(SEK, kr)","5,288만 6천㏊ 세계49위 (2022 국토교통부, FAO 기준)","1,048만 7,338명 세계87위 (2022 통계청, UN, 대만통계청 기준)","5,861억 5,878만 달러 세계23위 (2022 한국은행, The World Bank, 대만통계청 기준)"
Finland,헬싱키,"핀란드어, 스웨덴어","유로(EUR, €)","3,384만 7천㏊ 세계65위 (2022 국토교통부, FAO 기준)","556만 9,299명 세계116위 (2022 통계청, UN, 대만통계청 기준)","2,592억 2,104만 달러 세계45위 (2022 한국은행, The World Bank, 대만통계청 기준)"
Vietnam,하노이,베트남어,"베트남 동(VND, ₫)","3,313만 4천㏊ 세계66위 (2022 국토교통부, FAO 기준)","9,968만 655명 세계16위 (2022 통계청, UN, 대만통계청 기준)","3,592억 3,558만 달러 세계39위 (2022 한국은행, The World Bank, 대만통계청 기준)"
Cambodia,프놈펜,크메르어,캄보디아 리엘(KHR),"1,810만 4천㏊ 세계89위 (2022 국토교통부, FAO 기준)","1,720만 1,724명 세계73위 (2022 통계청, UN, 대만통계청 기준)","249억 6,421만 달러 세계106위 (2022 한국은행, The World Bank, 대만통계청 기준)"
Luxembourg,룩셈부르크,"룩셈부르크어, 프랑스어, 독일어","유로(EUR, €)","25만 9천㏊ 세계176위 (2022 국토교통부, FAO 기준)","65만 3,313명 세계167위 (2022 통계청, UN, 대만통계청 기준)","716억 5,515만 달러 세계71위 (2022 한국은행, The World Bank, 대만통계청 기준)"
United Arab Emirates,아부다비,아랍어,아랍에미리트 디르함(AED),"986만 4,790㏊ 세계110위 (2022 국토교통부, FAO 기준)","1,024만 2,086명 세계92위 (2022 통계청, UN, 대만통계청 기준)","4,314억 4,081만 달러 세계31위 (2022 한국은행, The World Bank, 대만통계청 기준)"
Belgium,브뤼셀,"네덜란드어, 프랑스어, 독일어","유로(EUR, €)","306만 8,900㏊ 세계139위 (2022 국토교통부, FAO 기준)","1,164만 1,820명 세계81위 (2022 통계청, UN, 대만통계청 기준)","5,164억 9,190만 달러 세계25위 (2022 한국은행, The World Bank, 대만통계청 기준)"
Georgia,트빌리시,조지아어,조지아 라리(GEL),"697만 ㏊ 세계123위 (2022 국토교통부, FAO 기준)","379만 4,784명 세계130위 (2022 통계청, UN, 대만통계청 기준)","212억 9,604만 달러 세계111위 (2022 한국은행, The World Bank, 대만통계청 기준)"
North Macedonia,스코페,마케도니아어,"북마케도니아 데나르(MKD, ден)","257만 1천㏊ 세계148위 (2022 국토교통부, FAO 기준)","184만 233명 세계150위 (2022 통계청, UN, 대만통계청 기준)","113억 8,950만 달러 세계137위 (2022 한국은행, The World Bank, 대만통계청 기준)"
Albania,티라나,"알바니아어, 그리스어","알바니아 레크(ALL, L)","287만 5천㏊ 세계143위 (2022 국토교통부, FAO 기준)","282만 7,608명 세계141위 (2022 통계청, UN, 대만통계청 기준)","143억 1,979만 달러 세계127위 (2022 한국은행, The World Bank, 대만통계청 기준)"
Azerbaijan,바쿠,아제르바이잔어,아제르바이잔 마나트(AZN),"866만 ㏊ 세계115위 (2022 국토교통부, FAO 기준)","1,029만 5,304명 세계91위 (2022 통계청, UN, 대만통계청 기준)","567억 4,572만 달러 세계82위 (2022 한국은행, The World Bank, 대만통계청 기준)"
Kosovo,프리슈티나,정보 없음,"유로(EUR, €)",정보 없음,정보 없음,정보 없음
Turkey,앙카라,튀르키예어,튀르키예 리라(YTL),"7,853만 5천㏊ 세계36위 (2022 국토교통부, FAO 기준)","8,705만 8,473명 세계18위 (2022 통계청, UN, 대만통계청 기준)","1조 1,944억 165만 달러 세계16위 (2022 한국은행, The World Bank, 대만통계청 기준)"
Spain,마드리드,에스파냐어,"유로(EUR, €)","5,059만 7,828.1㏊ 세계52위 (2022 국토교통부, FAO 기준)","4,782만 8,382명 세계31위 (2022 통계청, UN, 대만통계청 기준)","1조 3,235억 9,118만 달러 세계14위 (2022 한국은행, The World Bank, 대만통계청 기준)"
Laos,비엔티안,라오스어,"라오스 킵(LAK, ₭)","2,368만 ㏊ 세계83위 (2022 국토교통부, FAO 기준)","755만 9,007명 세계102위 (2022 통계청, UN, 대만통계청 기준)","195억 7,065만 달러 세계113위 (2022 한국은행, The World Bank, 대만통계청 기준)"
Kyrgyzstan,비슈케크,"키르기스어, 러시아어",키르기스스탄 솜(KGS),"1,999만 5천㏊ 세계86위 (2022 국토교통부, FAO 기준)","695만 5,788명 세계106위 (2022 통계청, UN, 대만통계청 기준)","84억 5,521만 달러 세계145위 (2022 한국은행, The World Bank, 대만통계청 기준)"
Armenia,예레반,아르메니아어,아르메니아 드람(AMD),"297만 4천㏊ 세계141위 (2022 국토교통부, FAO 기준)","288만 874명 세계139위 (2022 통계청, UN, 대만통계청 기준)","142억 2,545만 달러 세계129위 (2022 한국은행, The World Bank, 대만통계청 기준)"
Denmark,코펜하겐,덴마크어,"덴마크 크로네(DKK, kr)","429만 2천㏊ 세계132위 (2022 국토교통부, FAO 기준)","590만 2,904명 세계113위 (2022 통계청, UN, 대만통계청 기준)","3,562억 2,206만 달러 세계40위 (2022 한국은행, The World Bank, 대만통계청 기준)"
Libya,트리폴리,아랍어,"리비아 디나르(LYD, LD)","1억 7,595만 4천㏊ 세계16위 (2022 국토교통부, FAO 기준)","722만 3,805명 세계105위 (2022 통계청, UN, 대만통계청 기준)","690억 8,217만 달러 세계73위 (2022 한국은행, The World Bank, 대만통계청 기준)"
Tunisia,튀니스,아랍어,튀니지 디나르(TND),"1,636만 1천㏊ 세계92위 (2022 국토교통부, FAO 기준)","1,211만 9,334명 세계79위 (2022 통계청, UN, 대만통계청 기준)","484억 672만 달러 세계88위 (2022 한국은행, The World Bank, 대만통계청 기준)"
Romania,부쿠레슈티,"루마니아어, 헝가리어, 독일어",루마니아 레우(RON),"2,384만 ㏊ 세계82위 (2022 국토교통부, FAO 기준)","1,916만 6,772명 세계66위 (2022 통계청, UN, 대만통계청 기준)","2,310억 7,329만 달러 세계46위 (2022 한국은행, The World Bank, 대만통계청 기준)"
Hungary,부다페스트,헝가리어,"헝가리 포린트(HUF,Ft)","930만 3천㏊ 세계111위 (2022 국토교통부, FAO 기준)","968만 4,306명 세계95위 (2022 통계청, UN, 대만통계청 기준)","1,576억 1,862만 달러 세계55위 (2022 한국은행, The World Bank, 대만통계청 기준)"
Slovakia,브라티슬라바,슬로바키아어,"유로(EUR, €)","490만 3천㏊ 세계130위 (2022 국토교통부, FAO 기준)","547만 3,197명 세계117위 (2022 통계청, UN, 대만통계청 기준)","1,026억 4,948만 달러 세계61위 (2022 한국은행, The World Bank, 대만통계청 기준)"
Poland,바르샤바,폴란드어,"폴란드 즈워티(PLN, zł)","3,127만 2천㏊ 세계69위 (2022 국토교통부, FAO 기준)","3,838만 5,739명 세계39위 (2022 통계청, UN, 대만통계청 기준)","6,325억 4,861만 달러 세계21위 (2022 한국은행, The World Bank, 대만통계청 기준)"
Ireland,더블린,"게일어, 영어","유로(EUR, €)","702만 8천㏊ 세계122위 (2022 국토교통부, FAO 기준)","511만 16명 세계122위 (2022 통계청, UN, 대만통계청 기준)","4,989억 6,017만 달러 세계26위 (2022 한국은행, The World Bank, 대만통계청 기준)"
United Kingdom,런던,영어,"파운드(GBP, ￡)","2,436만 1천㏊ 세계79위 (2020 국토교통부, FAO 기준)","6,705만 9,474명 세계21위 (2020 통계청, UN, 대만통계청 기준)","2조 7,046억 916만 달러 세계5위 (2020 한국은행, The World Bank, 대만통계청 기준)"
Greece,아테네,그리스어,"유로(EUR, €)","1,319만 6천㏊ 세계97위 (2022 국토교통부, FAO 기준)","1,041만 2,480명 세계90위 (2022 통계청, UN, 대만통계청 기준)","2,115억 3,847만 달러 세계52위 (2022 한국은행, The World Bank, 대만통계청 기준)"
Zambia,루사카,영어,"잠비아 콰차(ZMW, ZK)","7,526만 1천㏊ 세계38위 (2022 국토교통부, FAO 기준)","2,015만 2,938명 세계63위 (2022 통계청, UN, 대만통계청 기준)","261억 8,516만 달러 세계102위 (2022 한국은행, The World Bank, 대만통계청 기준)"
Sierra Leone,프리타운,영어,"시에라리온 레오네(SLL, Le)","723만 ㏊ 세계121위 (2022 국토교통부, FAO 기준)","827만 6,807명 세계101위 (2022 통계청, UN, 대만통계청 기준)","53억 9,494만 달러 세계154위 (2022 한국은행, The World Bank, 대만통계청 기준)"
Guinea,코나크리,프랑스어,"기니프랑(GNF, FG)","2,458만 6천㏊ 세계78위 (2022 국토교통부, FAO 기준)","1,405만 5,137명 세계75위 (2022 통계청, UN, 대만통계청 기준)","137억 8,224만 달러 세계130위 (2022 한국은행, The World Bank, 대만통계청 기준)"
Liberia,몬로비아,"영어, 28여개 부족어","라이베리아 달러(LRD, L$)","1,113만 7천㏊ 세계104위 (2022 국토교통부, FAO 기준)","537만 3,294명 세계119위 (2022 통계청, UN, 대만통계청 기준)","34억 2,819만 달러 세계161위 (2022 한국은행, The World Bank, 대만통계청 기준)"
Central African Republic,방기,"프랑스어, 상고어","중앙아프리카 CFA 프랑(XAF, FCFA)","6,229만 8천㏊ 세계43위 (2022 국토교통부, FAO 기준)","509만 8,039명 세계123위 (2022 통계청, UN, 대만통계청 기준)","20억 3,466만 달러 세계171위 (2022 한국은행, The World Bank, 대만통계청 기준)"
Sudan,카르툼,아랍어,수단 파운드(SDG),"1억 8,780만 ㏊ 세계15위 (2022 국토교통부, FAO 기준)","4,938만 3,346명 세계30위 (2022 통계청, UN, 대만통계청 기준)","480억 6,112만 달러 세계89위 (2022 한국은행, The World Bank, 대만통계청 기준)"
Djibouti,지부티,"프랑스어, 아랍어 글로벌회화 모바일 앱","지부티 프랑(DJF, Fdj)","232만 ㏊ 세계149위 (2022 국토교통부, FAO 기준)","113만 7,096명 세계159위 (2022 통계청, UN, 대만통계청 기준)","33억 2,696만 달러 세계163위 (2022 한국은행, The World Bank, 대만통계청 기준)"
Eritrea,아스마라,"티그리냐어, 아랍어","에리트레아 낙파(ERN, Nfk)","1,216만 3,032.7㏊ 세계99위 (2022 국토교통부, FAO 기준)","340만 9,447명 세계131위 (2022 통계청, UN, 대만통계청 기준)",정보 없음
Austria,빈,독일어,"유로(EUR, €)","838만 7,900㏊ 세계117위 (2022 국토교통부, FAO 기준)","906만 4,677명 세계99위 (2022 통계청, UN, 대만통계청 기준)","4,222억 3,506만 달러 세계32위 (2022 한국은행, The World Bank, 대만통계청 기준)"
Iraq,바그다드,아랍어,이라크 디나르(IQD),"4,350만 5천㏊ 세계58위 (2022 국토교통부, FAO 기준)","4,407만 551명 세계35위 (2022 통계청, UN, 대만통계청 기준)","1,939억 813만 달러 세계54위 (2022 한국은행, The World Bank, 대만통계청 기준)"
Italy,로마,이탈리아어,"유로(EUR, €)","3,020만 7천㏊ 세계71위 (2022 국토교통부, FAO 기준)","5,961만 9,115명 세계25위 (2022 통계청, UN, 대만통계청 기준)","1조 9,664억 9,477만 달러 세계8위 (2022 한국은행, The World Bank, 대만통계청 기준)"
Switzerland,베른,"독일어, 프랑스어, 이탈리아어, 로망슈어","스위스 프랑(CHF, Fr)","412만 9,070㏊ 세계134위 (2022 국토교통부, FAO 기준)","879만 2,182명 세계100위 (2022 통계청, UN, 대만통계청 기준)","7,903억 1,893만 달러 세계19위 (2022 한국은행, The World Bank, 대만통계청 기준)"
Iran,테헤란,페르시아어,이란 리얄(IRR),"1억 7,451만 5천㏊ 세계17위 (2022 국토교통부, FAO 기준)","8,952만 4,246명 세계17위 (2022 통계청, UN, 대만통계청 기준)","4,876억 9,522만 달러 세계27위 (2022 한국은행, The World Bank, 대만통계청 기준)"
Netherlands,암스테르담,네덜란드어 글로벌회화 모바일 앱,"유로(EUR, €)","415만 4천㏊ 세계133위 (2022 국토교통부, FAO 기준)","1,790만 4,421명 세계68위 (2022 통계청, UN, 대만통계청 기준)","8,947억 2,781만 달러 세계18위 (2022 한국은행, The World Bank, 대만통계청 기준)"
Liechtenstein,파두츠,독일어,스위스 프랑(CHF),"1만 6천㏊ 세계214위 (2022 국토교통부, FAO 기준)",정보 없음,정보 없음
Ivory Coast,야무수크로,프랑스어,"서아프리카 CFA 프랑(XOF, CFA)","3,224만 6천㏊ 세계68위 (2022 국토교통부, FAO 기준)","3,039만 5,002명 세계50위 (2022 통계청, UN, 대만통계청 기준)","675억 7,685만 달러 세계76위 (2022 한국은행, The World Bank, 대만통계청 기준)"
Republic of Serbia,베오그라드,세르비아어,정보 없음,"849만 9천㏊ 세계116위 (2022 국토교통부, FAO 기준)","679만 1,213명 세계108위 (2022 통계청, UN, 대만통계청 기준)","499억 3,779만 달러 세계87위 (2022 한국은행, The World Bank, 대만통계청 기준)"
Mali,바마코,프랑스어,"서아프리카 CFA 프랑(XOF, CFA)","1억 2,401만 9천㏊ 세계23위 (2022 국토교통부, FAO 기준)","2,307만 2,640명 세계58위 (2022 통계청, UN, 대만통계청 기준)","168억 8,087만 달러 세계116위 (2022 한국은행, The World Bank, 대만통계청 기준)"
Senegal,다카르,프랑스어,"서아프리카 CFA 프랑(XOF, CFA)","1,967만 1천㏊ 세계87위 (2022 국토교통부, FAO 기준)","1,765만 1,103명 세계72위 (2022 통계청, UN, 대만통계청 기준)","252억 9,059만 달러 세계104위 (2022 한국은행, The World Bank, 대만통계청 기준)"
Nigeria,아부자,영어 글로벌회화 모바일 앱,"나이지리아 나이라(NGN, ₦)","9,237만 7천㏊ 세계31위 (2022 국토교통부, FAO 기준)","2억 2,315만 896명 세계6위 (2022 통계청, UN, 대만통계청 기준)","5,353억 3,593만 달러 세계24위 (2022 한국은행, The World Bank, 대만통계청 기준)"
Benin,포르토노보,프랑스어,"서아프리카 CFA 프랑(XOF, CFA)","1,147만 6천㏊ 세계102위 (2022 국토교통부, FAO 기준)","1,375만 9,501명 세계76위 (2022 통계청, UN, 대만통계청 기준)","167억 6,595만 달러 세계117위 (2022 한국은행, The World Bank, 대만통계청 기준)"
Angola,루안다,포르투갈어,"앙골라 콴자(AOA, Kz)","1억 2,467만 ㏊ 세계22위 (2022 국토교통부, FAO 기준)","3,563만 5,029명 세계42위 (2022 통계청, UN, 대만통계청 기준)","848억 8,400만 달러 세계67위 (2022 한국은행, The World Bank, 대만통계청 기준)"
Croatia,자그레브,크로아티아어,"유로(EUR, €)","880만 7천㏊ 세계114위 (2022 국토교통부, FAO 기준)","390만 7,027명 세계129위 (2022 통계청, UN, 대만통계청 기준)","644억 3,561만 달러 세계78위 (2022 한국은행, The World Bank, 대만통계청 기준)"
Slovenia,류블랴나,슬로베니아어,"유로(EUR, €)","204만 8천㏊ 세계153위 (2022 국토교통부, FAO 기준)","211만 5,228명 세계147위 (2022 통계청, UN, 대만통계청 기준)","535억 3,834만 달러 세계84위 (2022 한국은행, The World Bank, 대만통계청 기준)"
Qatar,도하,아랍어,카타르 리얄(QAR),"114만 9천㏊ 세계164위 (2022 국토교통부, FAO 기준)","289만 2,455명 세계137위 (2022 통계청, UN, 대만통계청 기준)",정보 없음
Saudi Arabia,리야드,아랍어,사우디아라비아 리얄(SR),"2억 1,496만 9천㏊ 세계12위 (2022 국토교통부, FAO 기준)","3,217만 5,352명 세계48위 (2022 통계청, UN, 대만통계청 기준)","7,820억 1,836만 달러 세계20위 (2022 한국은행, The World Bank, 대만통계청 기준)"
Botswana,가보로네,"츠와나어, 영어","보츠와나 풀라(BWP, P)","5,817만 3천㏊ 세계46위 (2022 국토교통부, FAO 기준)","243만 9,892명 세계144위 (2022 통계청, UN, 대만통계청 기준)","174억 6,929만 달러 세계115위 (2022 한국은행, The World Bank, 대만통계청 기준)"
Zimbabwe,하라레,"영어, 토착어","미국 달러(USD, $), 남아프리카공화국 랜드 (ZAR, R), 짐바브웨 달러(ZWD, Z$)","3,907만 6천㏊ 세계61위 (2022 국토교통부, FAO 기준)","1,606만 9,056명 세계74위 (2022 통계청, UN, 대만통계청 기준)","219억 6,367만 달러 세계109위 (2022 한국은행, The World Bank, 대만통계청 기준)"
Pakistan,이슬라마바드,"우르두어, 펀자브어, 신디어, 푸쉬트어, 영어","파키스탄 루피(PKR, Rs)","7,961만 ㏊ 세계35위 (2022 국토교통부, FAO 기준)","2억 4,370만 667명 세계5위 (2022 통계청, UN, 대만통계청 기준)","4,001억 8,453만 달러 세계35위 (2022 한국은행, The World Bank, 대만통계청 기준)"
Bulgaria,소피아,불가리아어,"불가리아 레프(BGN, лв)","1,110만 ㏊ 세계105위 (2022 국토교통부, FAO 기준)","682만 5,864명 세계107위 (2022 통계청, UN, 대만통계청 기준)","617억 4,777만 달러 세계80위 (2022 한국은행, The World Bank, 대만통계청 기준)"
Thailand,방콕,타이어,"태국 밧(THB, ฿)","5,131만 2천㏊ 세계51위 (2022 국토교통부, FAO 기준)","7,173만 5,329명 세계20위 (2022 통계청, UN, 대만통계청 기준)","4,499억 6,530만 달러 세계29위 (2022 한국은행, The World Bank, 대만통계청 기준)"
San Marino,산마리노,이탈리아어,"유로(EUR, €)","6천㏊ 세계220위 (2022 국토교통부, FAO 기준)",정보 없음,정보 없음
Haiti,포르토프랭스,"프랑스어, 크레올어","아이티 구르드(HTG, G)","277만 5천㏊ 세계146위 (2022 국토교통부, FAO 기준)","1,150만 3,606명 세계82위 (2022 통계청, UN, 대만통계청 기준)","144억 5,683만 달러 세계124위 (2022 한국은행, The World Bank, 대만통계청 기준)"
Dominican Republic,산토도밍고,에스파냐어,"도미니카 페소(DOP, RD$)","1,468만 3,946.3㏊ 세계95위 (2022 국토교통부, FAO 기준)","1,123만 734명 세계84위 (2022 통계청, UN, 대만통계청 기준)","980억 5,097만 달러 세계62위 (2022 한국은행, The World Bank, 대만통계청 기준)"
Chad,은자메나,"프랑스어, 아랍어","중앙아프리카 CFA 프랑(XAF, FCFA)","1억 2,840만 ㏊ 세계20위 (2022 국토교통부, FAO 기준)","1,845만 5,316명 세계67위 (2022 통계청, UN, 대만통계청 기준)","105억 2,361만 달러 세계140위 (2022 한국은행, The World Bank, 대만통계청 기준)"
Kuwait,쿠웨이트,아랍어,"쿠웨이트 디나르(KWD, KD)","178만 2천㏊ 세계156위 (2022 국토교통부, FAO 기준)","458만 9,511명 세계127위 (2022 통계청, UN, 대만통계청 기준)","1,193억 2,926만 달러 세계58위 (2022 한국은행, The World Bank, 대만통계청 기준)"
El Salvador,산살바도르,에스파냐어,"미국 달러(USD, $)","210만 4천㏊ 세계152위 (2022 국토교통부, FAO 기준)","628만 319명 세계111위 (2022 통계청, UN, 대만통계청 기준)","273억 1,562만 달러 세계101위 (2022 한국은행, The World Bank, 대만통계청 기준)"
Guatemala,과테말라시티,에스파냐어,"과테말라 케찰(GTQ, Q)","1,088만 9천㏊ 세계107위 (2022 국토교통부, FAO 기준)","1,784만 7,877명 세계69위 (2022 통계청, UN, 대만통계청 기준)","781억 8,216만 달러 세계69위 (2022 한국은행, The World Bank, 대만통계청 기준)"
East Timor,딜리,"포르투갈어, 테툼어","미국 달러(USD, $)","148만 7천㏊ 세계158위 (2022 국토교통부, FAO 기준)","136만 9,429명 세계154위 (2022 통계청, UN, 대만통계청 기준)","21억 6,146만 달러 세계169위 (2022 한국은행, The World Bank, 대만통계청 기준)"
Brunei,정보 없음,정보 없음,정보 없음,정보 없음,정보 없음,정보 없음
Monaco,정보 없음,정보 없음,정보 없음,정보 없음,정보 없음,정보 없음
Algeria,알제,"아랍어, 베르베르어","알제리 디나르(DZD, DA)","2억 3,817만 4,100㏊ 세계10위 (2022 국토교통부, FAO 기준)","4,547만 7,389명 세계33위 (2022 통계청, UN, 대만통계청 기준)","2,066억 7,049만 달러 세계53위 (2022 한국은행, The World Bank, 대만통계청 기준)"
Mozambique,마푸투,"포르투갈어, 스와힐리어","모잠비크 메티칼(MZN, MTn)","7,993만 8천㏊ 세계34위 (2022 국토교통부, FAO 기준)","3,265만 6,246명 세계47위 (2022 통계청, UN, 대만통계청 기준)","194억 6,418만 달러 세계114위 (2022 한국은행, The World Bank, 대만통계청 기준)"
eSwatini,정보 없음,정보 없음,정보 없음,정보 없음,정보 없음,정보 없음
Burundi,기테가,"키룬디어, 프랑스어","브룬디프랑(BIF, FBu)","278만 3천㏊ 세계145위 (2022 국토교통부, FAO 기준)","1,332만 1,097명 세계78위 (2022 통계청, UN, 대만통계청 기준)","33억 7,945만 달러 세계162위 (2022 한국은행, The World Bank, 대만통계청 기준)"
Rwanda,키갈리,"프랑스어, 키냐루완다어, 영어 글로벌회화 모바일 앱","르완다 프랑(RWF, RF)","263만 4천㏊ 세계147위 (2022 국토교통부, FAO 기준)","1,365만 1,030명 세계77위 (2022 통계청, UN, 대만통계청 기준)","129억 4,635만 달러 세계135위 (2022 한국은행, The World Bank, 대만통계청 기준)"
Myanmar,네피도,미얀마어,"미얀마 짜트(MMK, K)","6,765만 9천㏊ 세계39위 (2022 국토교통부, FAO 기준)","5,375만 6,787명 세계27위 (2022 통계청, UN, 대만통계청 기준)",정보 없음
Bangladesh,다카,벵골어,"방글라데시 타카(BDT, TK)","1,475만 7천㏊ 세계93위 (2022 국토교통부, FAO 기준)","1억 6,938만 4,897명 세계8위 (2022 통계청, UN, 대만통계청 기준)","3,056억 2,953만 달러 세계43위 (2022 한국은행, The World Bank, 대만통계청 기준)"
Andorra,안도라라베야,"카탈루냐어, 에스파냐어, 프랑스어","유로(EUR, €)","4만 7천㏊ 세계194위 (2022 국토교통부, FAO 기준)",정보 없음,"31억 7,069만 달러 세계164위 (2022 한국은행, The World Bank, 대만통계청 기준)"
Afghanistan,카불,"파슈토어, 다리어, 터키어","아프가니스탄 아프가니(AFN, Af)","6,528만 6천㏊ 세계40위 (2022 국토교통부, FAO 기준)","4,057만 8,842명 세계37위 (2022 통계청, UN, 대만통계청 기준)","153억 2,523만 달러 세계121위 (2022 한국은행, The World Bank, 대만통계청 기준)"
Montenegro,포드고리차,세르비아어,"유로(EUR, €)","138만 1천㏊ 세계160위 (2022 국토교통부, FAO 기준)","61만 4,648명 세계169위 (2022 통계청, UN, 대만통계청 기준)","48억 6,934만 달러 세계156위 (2022 한국은행, The World Bank, 대만통계청 기준)"
Bosnia and Herzegovina,사라예보,세르보크로아티아어,"보스니아헤르체고비나 태환 마르카(BAM, KM)","512만 1천㏊ 세계128위 (2022 국토교통부, FAO 기준)","320만 4,802명 세계135위 (2022 통계청, UN, 대만통계청 기준)","202억 7,698만 달러 세계112위 (2022 한국은행, The World Bank, 대만통계청 기준)"
Uganda,캄팔라,"영어, 우간다어","우간다 실링(UGX, USh)","2,415만 5천㏊ 세계80위 (2022 국토교통부, FAO 기준)","4,731만 2,719명 세계32위 (2022 통계청, UN, 대만통계청 기준)","441억 4,722만 달러 세계90위 (2022 한국은행, The World Bank, 대만통계청 기준)"
US Naval Base Guantanamo Bay,정보 없음,정보 없음,정보 없음,정보 없음,정보 없음,정보 없음
Cuba,아바나,에스파냐어,"쿠바 페소(CUP, $MN)","1,098만 8천㏊ 세계106위 (2022 국토교통부, FAO 기준)","1,105만 9,820명 세계85위 (2022 통계청, UN, 대만통계청 기준)","835억 2,727만 달러 세계68위 (2022 한국은행, The World Bank, 대만통계청 기준)"
Honduras,테구시갈파,에스파냐어,"온두라스 렘피라(HNL, L)","1,124만 9천㏊ 세계103위 (2022 국토교통부, FAO 기준)","1,046만 3,872명 세계88위 (2022 통계청, UN, 대만통계청 기준)","259억 7,367만 달러 세계103위 (2022 한국은행, The World Bank, 대만통계청 기준)"
Ecuador,키토,"에스파냐어, 케추아어","미국 달러(USD, $)","2,563만 7천㏊ 세계77위 (2022 국토교통부, FAO 기준)","1,782만 3,897명 세계70위 (2022 통계청, UN, 대만통계청 기준)","1,095억 8,172만 달러 세계59위 (2022 한국은행, The World Bank, 대만통계청 기준)"
Colombia,보고타,에스파냐어,"콜롬비아 페소(COP, Col$)","1억 1,406만 1,905㏊ 세계25위 (2022 국토교통부, FAO 기준)","5,173만 7,944명 세계28위 (2022 통계청, UN, 대만통계청 기준)","3,546억 2,269만 달러 세계41위 (2022 한국은행, The World Bank, 대만통계청 기준)"
Paraguay,아순시온,"에스파냐어, 과라니어","파라과이 과라니(PYG, G)","4,067만 5,200㏊ 세계60위 (2022 국토교통부, FAO 기준)","676만 464명 세계109위 (2022 통계청, UN, 대만통계청 기준)","420억 3,790만 달러 세계92위 (2022 한국은행, The World Bank, 대만통계청 기준)"
Brazilian Island,정보 없음,정보 없음,정보 없음,정보 없음,정보 없음,정보 없음
Portugal,리스본,포르투갈어,"유로(EUR, €)","922만 3천㏊ 세계112위 (2022 국토교통부, FAO 기준)","1,041만 7,073명 세계89위 (2022 통계청, UN, 대만통계청 기준)","2,303억 2,448만 달러 세계47위 (2022 한국은행, The World Bank, 대만통계청 기준)"
Moldova,키시네프,루마니아어,몰도바 레우(MDL),"338만 5천㏊ 세계138위 (2022 국토교통부, FAO 기준)","303만 9,985명 세계136위 (2022 통계청, UN, 대만통계청 기준)","90억 9,361만 달러 세계143위 (2022 한국은행, The World Bank, 대만통계청 기준)"
Turkmenistan,아슈하바트,투르크멘어,"투르크메니스탄 마나트(TMT, m)","4,912만 900㏊ 세계53위 (2022 국토교통부, FAO 기준)","723만 193명 세계104위 (2022 통계청, UN, 대만통계청 기준)","545억 9,545만 달러 세계83위 (2022 한국은행, The World Bank, 대만통계청 기준)"
Jordan,암만,아랍어,요르단 디나르(JOD),"893만 1,800㏊ 세계113위 (2022 국토교통부, FAO 기준)","1,125만 6,263명 세계83위 (2022 통계청, UN, 대만통계청 기준)","439억 1,571만 달러 세계91위 (2022 한국은행, The World Bank, 대만통계청 기준)"
Nepal,카트만두,네팔어,"네팔 루피(NPR, Rs)","1,471만 8천㏊ 세계94위 (2022 국토교통부, FAO 기준)","2,971만 5,436명 세계51위 (2022 통계청, UN, 대만통계청 기준)","330억 8,976만 달러 세계97위 (2022 한국은행, The World Bank, 대만통계청 기준)"
Lesotho,마세루,레소토어,"레소토 로티(LSL, L),","303만 6천㏊ 세계140위 (2022 국토교통부, FAO 기준)","228만 6,110명 세계146위 (2022 통계청, UN, 대만통계청 기준)","21억 9,573만 달러 세계168위 (2022 한국은행, The World Bank, 대만통계청 기준)"
Cameroon,야운데,"영어, 프랑스어","중앙아프리카 CFA 프랑(XAF, FCFA)","4,754만 4천㏊ 세계54위 (2022 국토교통부, FAO 기준)","2,763만 2,771명 세계53위 (2022 통계청, UN, 대만통계청 기준)","402억 4,704만 달러 세계93위 (2022 한국은행, The World Bank, 대만통계청 기준)"
Gabon,리브르빌,프랑스어,"중앙아프리카 CFA 프랑(XAF, FCFA)","2,676만 7천㏊ 세계75위 (2022 국토교통부, FAO 기준)","243만 747명 세계145위 (2022 통계청, UN, 대만통계청 기준)","158억 5,590만 달러 세계120위 (2022 한국은행, The World Bank, 대만통계청 기준)"
Niger,니아메,프랑스어,"서아프리카 CFA 프랑(XOF, CFA)","1억 2,670만 ㏊ 세계21위 (2022 국토교통부, FAO 기준)","2,531만 1,973명 세계56위 (2022 통계청, UN, 대만통계청 기준)","143억 4,677만 달러 세계126위 (2022 한국은행, The World Bank, 대만통계청 기준)"
Burkina Faso,와가두구,"프랑스어, 모시어","서아프리카 CFA 프랑(XOF, CFA)","2,742만 ㏊ 세계73위 (2022 국토교통부, FAO 기준)","2,250만 9,038명 세계60위 (2022 통계청, UN, 대만통계청 기준)","166억 8,785만 달러 세계118위 (2022 한국은행, The World Bank, 대만통계청 기준)"
Togo,로메,프랑스어,"서아프리카 CFA 프랑(XOF, CFA)","567만 9천㏊ 세계127위 (2022 국토교통부, FAO 기준)","908만 9,738명 세계98위 (2022 통계청, UN, 대만통계청 기준)","78억 4,230만 달러 세계147위 (2022 한국은행, The World Bank, 대만통계청 기준)"
Ghana,아크라,"영어, 토착어","가나 세디(GHS, ￠)","2,385만 3,300㏊ 세계81위 (2022 국토교통부, FAO 기준)","3,314만 9,152명 세계46위 (2022 통계청, UN, 대만통계청 기준)","684억 9,189만 달러 세계74위 (2022 한국은행, The World Bank, 대만통계청 기준)"
Guinea-Bissau,정보 없음,정보 없음,정보 없음,정보 없음,정보 없음,정보 없음
Gibraltar,정보 없음,정보 없음,정보 없음,정보 없음,정보 없음,정보 없음
United States of America,워싱턴 D.C.,영어,"미국 달러(USD, $)","9억 8,315만 1천㏊ 세계3위 (2022 국토교통부, FAO 기준)","3억 4,153만 4,046명 세계3위 (2022 통계청, UN, 대만통계청 기준)","21조 2,363억 898만 달러 세계1위 (2022 한국은행, The World Bank, 대만통계청 기준)"
Canada,오타와,"프랑스어, 영어 글로벌회화 모바일 앱","캐나다 달러(CAD, C$)","15억 6,344만 1천㏊ 세계2위 (2022 국토교통부, FAO 기준)","3,882만 1,259명 세계38위 (2022 통계청, UN, 대만통계청 기준)","1조 7,611억 232만 달러 세계11위 (2022 한국은행, The World Bank, 대만통계청 기준)"
Mexico,멕시코시티,에스파냐어,"멕시코 페소(MXN, Mex$)","1억 9,643만 7,500㏊ 세계13위 (2022 국토교통부, FAO 기준)","1억 2,861만 3,117명 세계10위 (2022 통계청, UN, 대만통계청 기준)","1조 2,850억 6,340만 달러 세계15위 (2022 한국은행, The World Bank, 대만통계청 기준)"
Belize,벨모판,영어,"벨리즈 달러(BZD, BZ$)","229만 7천㏊ 세계150위 (2022 국토교통부, FAO 기준)","40만 2,733명 세계175위 (2022 통계청, UN, 대만통계청 기준)","25억 931만 달러 세계167위 (2022 한국은행, The World Bank, 대만통계청 기준)"
Panama,파나마시티,에스파냐어,"미국 달러(USD, $),파나마 발보아(PAB, ฿)","753만 2천㏊ 세계120위 (2022 국토교통부, FAO 기준)","440만 773명 세계128위 (2022 통계청, UN, 대만통계청 기준)","678억 3,949만 달러 세계75위 (2022 한국은행, The World Bank, 대만통계청 기준)"
Venezuela,카라카스,에스파냐어,"베네수엘라 볼리바르(VEF, Bs)","9,120만 5천㏊ 세계32위 (2022 국토교통부, FAO 기준)","2,821만 3,017명 세계52위 (2022 통계청, UN, 대만통계청 기준)",정보 없음
Papua New Guinea,포트모르즈비,"피지어, 영어","파푸아뉴기니 키나(PGK, K)","4,628만 4천㏊ 세계55위 (2022 국토교통부, FAO 기준)","1,020만 3,169명 세계93위 (2022 통계청, UN, 대만통계청 기준)","249억 7,670만 달러 세계105위 (2022 한국은행, The World Bank, 대만통계청 기준)"
Egypt,카이로,아랍어,"이집트 파운드(EGP, ￡E)","1억 14만 5천㏊ 세계29위 (2022 국토교통부, FAO 기준)","1억 1,261만 8,250명 세계14위 (2022 통계청, UN, 대만통계청 기준)","4,538억 2,710만 달러 세계28위 (2022 한국은행, The World Bank, 대만통계청 기준)"
Yemen,사나,아랍어,예멘 리알(YER),"5,279만 7천㏊ 세계50위 (2022 국토교통부, FAO 기준)","3,822만 2,876명 세계40위 (2022 통계청, UN, 대만통계청 기준)",정보 없음
Mauritania,누악쇼트,아랍어,"모리타니 우기야(MRO, UM)","1억 307만 ㏊ 세계28위 (2022 국토교통부, FAO 기준)","487만 5,637명 세계125위 (2022 통계청, UN, 대만통계청 기준)","76억 5,825만 달러 세계148위 (2022 한국은행, The World Bank, 대만통계청 기준)"
Equatorial Guinea,말라보,"에스파냐어, 프랑스어","중앙아프리카 CFA 프랑(XAF, FCFA)","280만 5천㏊ 세계144위 (2022 국토교통부, FAO 기준)","180만 3,545명 세계151위 (2022 통계청, UN, 대만통계청 기준)","100억 1,076만 달러 세계142위 (2022 한국은행, The World Bank, 대만통계청 기준)"
Gambia,반줄,영어,"달라시(GMD, D)","113만 ㏊ 세계165위 (2022 국토교통부, FAO 기준)","263만 6,470명 세계143위 (2022 통계청, UN, 대만통계청 기준)","18억 6,349만 달러 세계174위 (2022 한국은행, The World Bank, 대만통계청 기준)"
Hong Kong S.A.R.,정보 없음,정보 없음,정보 없음,정보 없음,정보 없음,정보 없음
Vatican,바티칸시티,이탈리아어,"유로(EUR, €)","44㏊ 세계227위 (2022 국토교통부, FAO 기준)",정보 없음,정보 없음
Northern Cyprus,정보 없음,정보 없음,정보 없음,정보 없음,정보 없음,정보 없음
Cyprus No Mans Area,정보 없음,정보 없음,정보 없음,정보 없음,정보 없음,정보 없음
Siachen Glacier,정보 없음,정보 없음,정보 없음,정보 없음,정보 없음,정보 없음
Baykonur Cosmodrome,정보 없음,정보 없음,정보 없음,정보 없음,정보 없음,정보 없음
Akrotiri Sovereign Base Area,정보 없음,정보 없음,정보 없음,정보 없음,정보 없음,정보 없음
Southern Patagonian Ice Field,정보 없음,정보 없음,정보 없음,정보 없음,정보 없음,정보 없음
Bir Tawil,정보 없음,정보 없음,정보 없음,정보 없음,정보 없음,정보 없음
Antarctica,정보 없음,정보 없음,정보 없음,정보 없음,정보 없음,정보 없음
Australia,캔버라,영어,오스트레일리아 달러(AUD),"7억 7,412만 2천㏊ 세계6위 (2022 국토교통부, FAO 기준)","2,620만 984명 세계55위 (2022 통계청, UN, 대만통계청 기준)","1조 5,861억 7,258만 달러 세계12위 (2022 한국은행, The World Bank, 대만통계청 기준)"
Greenland,정보 없음,정보 없음,정보 없음,정보 없음,정보 없음,정보 없음
Fiji,수바,"영어, 피지어, 힌두어","피지달러(FJD, FJ$)","182만 7천㏊ 세계155위 (2022 국토교통부, FAO 기준)","91만 9,422명 세계160위 (2022 통계청, UN, 대만통계청 기준)","49억 3,987만 달러 세계155위 (2022 한국은행, The World Bank, 대만통계청 기준)"
New Zealand,웰링턴,"영어, 마오리어","뉴질랜드 달러(NZD, $)","2,677만 1천㏊ 세계74위 (2022 국토교통부, FAO 기준)","513만 1,734명 세계121위 (2022 통계청, UN, 대만통계청 기준)","2,165억 6,447만 달러 세계50위 (2022 한국은행, The World Bank, 대만통계청 기준)"
New Caledonia,정보 없음,정보 없음,정보 없음,정보 없음,정보 없음,정보 없음
Madagascar,안타나나리보,"프랑스어, 마다가스카르어",마다가스카르 아리아리(MGA),"5,872만 9,500㏊ 세계45위 (2022 국토교통부, FAO 기준)","3,043만 7,261명 세계49위 (2022 통계청, UN, 대만통계청 기준)","134억 3,952만 달러 세계132위 (2022 한국은행, The World Bank, 대만통계청 기준)"
Philippines,마닐라,"타갈로그어, 영어","필리핀 페소(PHP, ₱)","3천만 ㏊ 세계72위 (2022 국토교통부, FAO 기준)","1억 1,396만 4,338명 세계13위 (2022 통계청, UN, 대만통계청 기준)","4,077억 3,037만 달러 세계34위 (2022 한국은행, The World Bank, 대만통계청 기준)"
Sri Lanka,콜롬보,"신할리어, 타밀어, 영어","스리랑카 루피(LKR, SLR)","656만 1천㏊ 세계124위 (2022 국토교통부, FAO 기준)","2,283만 4,965명 세계59위 (2022 통계청, UN, 대만통계청 기준)","895억 1,481만 달러 세계65위 (2022 한국은행, The World Bank, 대만통계청 기준)"
Curaçao,정보 없음,정보 없음,정보 없음,정보 없음,정보 없음,정보 없음
Aruba,정보 없음,정보 없음,정보 없음,정보 없음,정보 없음,정보 없음
The Bahamas,정보 없음,정보 없음,정보 없음,정보 없음,정보 없음,정보 없음
Turks and Caicos Islands,정보 없음,정보 없음,정보 없음,정보 없음,정보 없음,정보 없음
Taiwan,타이베이,"중국어(만다린), 타이완어, 객가어","신 타이완 달러(TWD, NT$)","359만 6천㏊ 세계137위 (2022 국토교통부, FAO 기준)","2,342만 111명 세계57위 (2022 통계청, UN, 대만통계청 기준)","7,614억 달러 세계1위 (2022 한국은행, The World Bank, 대만통계청 기준)"
Japan,도쿄,일본어,"일본 엔(JPY, ￥)","3,779만 6,927㏊ 세계62위 (2022 국토교통부, FAO 기준)","1억 2,499만 7,578명 세계12위 (2022 통계청, UN, 대만통계청 기준)","4조 5,298억 5,484만 달러 세계3위 (2022 한국은행, The World Bank, 대만통계청 기준)"
Saint Pierre and Miquelon,정보 없음,정보 없음,정보 없음,정보 없음,정보 없음,정보 없음
Iceland,레이캬비크,아이슬란드어,"아이슬란드 크로나(ISK, kr)","1,030만 ㏊ 세계108위 (2022 국토교통부, FAO 기준)","38만 356명 세계178위 (2022 통계청, UN, 대만통계청 기준)","220억 8,602만 달러 세계108위 (2022 한국은행, The World Bank, 대만통계청 기준)"
Pitcairn Islands,정보 없음,정보 없음,정보 없음,정보 없음,정보 없음,정보 없음
French Polynesia,정보 없음,정보 없음,정보 없음,정보 없음,정보 없음,정보 없음
French Southern and Antarctic Lands,정보 없음,정보 없음,정보 없음,정보 없음,정보 없음,정보 없음
Seychelles,정보 없음,정보 없음,정보 없음,정보 없음,정보 없음,정보 없음
Kiribati,타라와,영어,"키리바시 달러, 오스트레일리아 달러(AUD)","8만 1천㏊ 세계185위 (2022 국토교통부, FAO 기준)",정보 없음,"2억 5,494만 달러 세계190위 (2022 한국은행, The World Bank, 대만통계청 기준)"
Marshall Islands,마주로,"영어, 마셜어","미국 달러(USD, $)","1만 8천㏊ 세계212위 (2022 국토교통부, FAO 기준)",정보 없음,"2억 2,087만 달러 세계192위 (2022 한국은행, The World Bank, 대만통계청 기준)"
Trinidad and Tobago,포트오브스페인,영어,"트리니다드토바고 달러(TTD, TT$)","51만 3천㏊ 세계171위 (2022 국토교통부, FAO 기준)","149만 5,921명 세계153위 (2022 통계청, UN, 대만통계청 기준)","216억 7,219만 달러 세계110위 (2022 한국은행, The World Bank, 대만통계청 기준)"
Grenada,세인트조지스,영어,"동카리브달러(XCD, EC$)","3만 4천㏊ 세계202위 (2022 국토교통부, FAO 기준)",정보 없음,"10억 9,971만 달러 세계179위 (2022 한국은행, The World Bank, 대만통계청 기준)"
Saint Vincent and the Grenadines,킹스타운,영어,"동카리브 달러(XCD, EC$)","3만 9천㏊ 세계200위 (2022 국토교통부, FAO 기준)","10만 2,046명 세계192위 (2022 통계청, UN, 대만통계청 기준)","8억 9,702만 달러 세계182위 (2022 한국은행, The World Bank, 대만통계청 기준)"
Barbados,브리지타운,영어,"바베이도스 달러(BBD, Bds$)","4만 3천㏊ 세계199위 (2022 국토교통부, FAO 기준)","28만 2,318명 세계183위 (2022 통계청, UN, 대만통계청 기준)","47억 7,298만 달러 세계158위 (2022 한국은행, The World Bank, 대만통계청 기준)"
Saint Lucia,캐스트리스,영어,"동카리브 달러(XCD, EC$)","6만 2천㏊ 세계191위 (2022 국토교통부, FAO 기준)","17만 8,781명 세계187위 (2022 통계청, UN, 대만통계청 기준)","19억 7,644만 달러 세계172위 (2022 한국은행, The World Bank, 대만통계청 기준)"
Dominica,산토도밍고,에스파냐어,"도미니카 페소(DOP, RD$)","1,468만 3,946.3㏊ 세계95위 (2022 국토교통부, FAO 기준)","1,123만 734명 세계84위 (2022 통계청, UN, 대만통계청 기준)","980억 5,097만 달러 세계62위 (2022 한국은행, The World Bank, 대만통계청 기준)"
United States Minor Outlying Islands,정보 없음,정보 없음,정보 없음,정보 없음,정보 없음,정보 없음
Montserrat,정보 없음,정보 없음,정보 없음,정보 없음,정보 없음,정보 없음
Antigua and Barbuda,세인트존스,영어,"동카리브 달러(XCD, EC$)","4만 4천㏊ 세계198위 (2022 국토교통부, FAO 기준)",정보 없음,"16억 2,539만 달러 세계175위 (2022 한국은행, The World Bank, 대만통계청 기준)"
Saint Kitts and Nevis,바스테르,영어,"동카리브 달러(XCD, EC$)","2만 6천㏊ 세계207위 (2022 국토교통부, FAO 기준)",정보 없음,"9억 8,310만 달러 세계180위 (2022 한국은행, The World Bank, 대만통계청 기준)"
United States Virgin Islands,정보 없음,정보 없음,정보 없음,정보 없음,정보 없음,정보 없음
Saint Barthelemy,정보 없음,정보 없음,정보 없음,정보 없음,정보 없음,정보 없음
Puerto Rico,정보 없음,정보 없음,정보 없음,정보 없음,정보 없음,정보 없음
Anguilla,정보 없음,정보 없음,정보 없음,정보 없음,정보 없음,정보 없음
British Virgin Islands,정보 없음,정보 없음,정보 없음,정보 없음,정보 없음,정보 없음
Jamaica,킹스턴,영어,"자메이카 달러(JMD, J$)","109만 9천㏊ 세계166위 (2022 국토교통부, FAO 기준)","283만 9,144명 세계140위 (2022 통계청, UN, 대만통계청 기준)","148억 638만 달러 세계122위 (2022 한국은행, The World Bank, 대만통계청 기준)"
Cayman Islands,정보 없음,정보 없음,정보 없음,정보 없음,정보 없음,정보 없음
Bermuda,정보 없음,정보 없음,정보 없음,정보 없음,정보 없음,정보 없음
Heard Island and McDonald Islands,정보 없음,정보 없음,정보 없음,정보 없음,정보 없음,정보 없음
Saint Helena,정보 없음,정보 없음,정보 없음,정보 없음,정보 없음,정보 없음
Mauritius,정보 없음,정보 없음,정보 없음,정보 없음,정보 없음,정보 없음
Comoros,모로니,"프랑스어, 아랍어, 스와힐리어",코모로 프랑(KMF),"18만 6,100㏊ 세계179위 (2022 국토교통부, FAO 기준)","83만 4,188명 세계162위 (2022 통계청, UN, 대만통계청 기준)","11억 4,034만 달러 세계178위 (2022 한국은행, The World Bank, 대만통계청 기준)"
São Tomé and Principe,정보 없음,정보 없음,정보 없음,정보 없음,정보 없음,정보 없음
Cabo Verde,정보 없음,정보 없음,정보 없음,정보 없음,정보 없음,정보 없음
Malta,정보 없음,정보 없음,정보 없음,정보 없음,정보 없음,정보 없음
Jersey,정보 없음,정보 없음,정보 없음,정보 없음,정보 없음,정보 없음
Guernsey,정보 없음,정보 없음,정보 없음,정보 없음,정보 없음,정보 없음
Isle of Man,정보 없음,정보 없음,정보 없음,정보 없음,정보 없음,정보 없음
Aland,정보 없음,정보 없음,정보 없음,정보 없음,정보 없음,정보 없음
Faroe Islands,정보 없음,정보 없음,정보 없음,정보 없음,정보 없음,정보 없음
Indian Ocean Territories,정보 없음,정보 없음,정보 없음,정보 없음,정보 없음,정보 없음
British Indian Ocean Territory,정보 없음,정보 없음,정보 없음,정보 없음,정보 없음,정보 없음
Singapore,정보 없음,정보 없음,정보 없음,정보 없음,정보 없음,정보 없음
Norfolk Island,정보 없음,정보 없음,정보 없음,정보 없음,정보 없음,정보 없음
Cook Islands,정보 없음,정보 없음,정보 없음,정보 없음,정보 없음,정보 없음
Tonga,누쿠알로파,"통가어, 영어","팡가(TOP, T$)","7만 5천㏊ 세계187위 (2022 국토교통부, FAO 기준)","10만 5,042명 세계191위 (2022 통계청, UN, 대만통계청 기준)","4억 6,556만 달러 세계187위 (2022 한국은행, The World Bank, 대만통계청 기준)"
Wallis and Futuna,정보 없음,정보 없음,정보 없음,정보 없음,정보 없음,정보 없음
Samoa,아피아,"사모아어, 영어",사모아 탈라(WST),"28만 4천㏊ 세계175위 (2022 국토교통부, FAO 기준)","21만 5,261명 세계186위 (2022 통계청, UN, 대만통계청 기준)","7억 9,875만 달러 세계184위 (2022 한국은행, The World Bank, 대만통계청 기준)"
Solomon Islands,호니아라,영어,"솔로몬제도 달러(SBD, SI$)","289만 ㏊ 세계142위 (2022 국토교통부, FAO 기준)","78만 1,066명 세계164위 (2022 통계청, UN, 대만통계청 기준)","15억 964만 달러 세계177위 (2022 한국은행, The World Bank, 대만통계청 기준)"
Tuvalu,푸나푸티,"투발루어, 영어","투발루 달러, 오스트레일리아 달러(AUD)","3천㏊ 세계223위 (2022 국토교통부, FAO 기준)",정보 없음,"4,512만 달러 세계194위 (2022 한국은행, The World Bank, 대만통계청 기준)"
Maldives,정보 없음,정보 없음,정보 없음,정보 없음,정보 없음,정보 없음
Nauru,정보 없음,"나우루어, 영어",오스트레일리아 달러(AUD),"2천㏊ 세계224위 (2022 국토교통부, FAO 기준)",정보 없음,"9,959만 달러 세계193위 (2022 한국은행, The World Bank, 대만통계청 기준)"
Federated States of Micronesia,정보 없음,"영어, 미크로네시아어","미국 달러(USD, $)","7만 ㏊ 세계190위 (2022 국토교통부, FAO 기준)","11만 2,114명 세계190위 (2022 통계청, UN, 대만통계청 기준)","3억 3,373만 달러 세계188위 (2022 한국은행, The World Bank, 대만통계청 기준)"
South Georgia and the Islands,정보 없음,정보 없음,정보 없음,정보 없음,정보 없음,정보 없음
Falkland Islands,정보 없음,정보 없음,정보 없음,정보 없음,정보 없음,정보 없음
Vanuatu,빌라,"영어, 프랑스어","바누아투 바투(VUV, Vt)","121만 9천㏊ 세계162위 (2022 국토교통부, FAO 기준)","31만 3,046명 세계181위 (2022 통계청, UN, 대만통계청 기준)","8억 2,380만 달러 세계183위 (2022 한국은행, The World Bank, 대만통계청 기준)"
Niue,정보 없음,정보 없음,정보 없음,정보 없음,정보 없음,정보 없음
American Samoa,정보 없음,정보 없음,정보 없음,정보 없음,정보 없음,정보 없음
Palau,정보 없음,정보 없음,정보 없음,정보 없음,정보 없음,정보 없음
Guam,정보 없음,정보 없음,정보 없음,정보 없음,정보 없음,정보 없음
Northern Mariana Islands,정보 없음,정보 없음,정보 없음,정보 없음,정보 없음,정보 없음
Bahrain,마나마,"아랍어, 영어",바레인 디나르(BHD),"7만 9천㏊ 세계186위 (2022 국토교통부, FAO 기준)","153만 3,459명 세계152위 (2022 통계청, UN, 대만통계청 기준)","358억 5,340만 달러 세계95위 (2022 한국은행, The World Bank, 대만통계청 기준)"
Coral Sea Islands,정보 없음,정보 없음,정보 없음,정보 없음,정보 없음,정보 없음
Spratly Islands,정보 없음,정보 없음,정보 없음,정보 없음,정보 없음,정보 없음
Clipperton Island,정보 없음,정보 없음,정보 없음,정보 없음,정보 없음,정보 없음
Macao S.A.R,정보 없음,정보 없음,정보 없음,정보 없음,정보 없음,정보 없음
Ashmore and Cartier Islands,정보 없음,정보 없음,정보 없음,정보 없음,정보 없음,정보 없음
Bajo Nuevo Bank (Petrel Is.),정보 없음,정보 없음,정보 없음,정보 없음,정보 없음,정보 없음
Serranilla Bank,정보 없음,정보 없음,정보 없음,정보 없음,정보 없음,정보 없음
Scarborough Reef,정보 없음,정보 없음,정보 없음,정보 없음,정보 없음,정보 없음
